ss,bs,tu,e,rb,ar,auc_seed_1000,auc_seed_2000,auc_seed_3000,auc_seed_4000,auc_seed_5000,auc_seed_6000,auc_seed_7000,auc_seed_8000,auc_seed_9000,auc_seed_10000,mean_auc,std_auc,min_auc,max_auc,n_seeds,file_name
0.0001,64,100,0.01,1000000,3,,,,395827.7514597741,,,,,,,395827.7514597741,0.0,0.0,395827.7514597741,5,car-train_4000_1000000_ss_0.0001_bs_64_tu_100_e_0.01_rb_1000000_ar_3
0.0001,64,100,0.01,2000000,3,,,,395827.7514597741,,,,,,,395827.7514597741,0.0,0.0,395827.7514597741,5,car-train_4000_1000000_ss_0.0001_bs_64_tu_100_e_0.01_rb_2000000_ar_3
0.0001,64,1000,0.01,1000000,3,,,,,,,,,367625.7921237912,,367625.7921237912,0.0,0.0,367625.7921237912,5,car-train_9000_1000000_ss_0.0001_bs_64_tu_1000_e_0.01_rb_1000000_ar_3
0.0001,64,1000,0.01,2000000,3,,,,,,,,,367625.7921237912,,367625.7921237912,0.0,0.0,367625.7921237912,5,car-train_9000_1000000_ss_0.0001_bs_64_tu_1000_e_0.01_rb_2000000_ar_3
0.0001,128,100,0.1,2000000,3,,,,358991.29540803534,,,,,,,358991.29540803534,0.0,0.0,358991.29540803534,5,car-train_4000_1000000_ss_0.0001_bs_128_tu_100_e_0.1_rb_2000000_ar_3
0.0001,128,100,0.1,1000000,3,,,,358991.29540803534,,,,,,,358991.29540803534,0.0,0.0,358991.29540803534,5,car-train_4000_1000000_ss_0.0001_bs_128_tu_100_e_0.1_rb_1000000_ar_3
0.0001,64,500,0.01,2000000,3,,,,,,,,,353548.7543340608,,353548.7543340608,0.0,0.0,353548.7543340608,5,car-train_9000_1000000_ss_0.0001_bs_64_tu_500_e_0.01_rb_2000000_ar_3
0.0001,128,100,0.1,1000000,5,,,,,,,321445.2374253746,,,,321445.2374253746,0.0,0.0,321445.2374253746,5,car-train_7000_1000000_ss_0.0001_bs_128_tu_100_e_0.1_rb_1000000_ar_5
0.0001,128,100,0.1,2000000,5,,,,,,,321445.2374253746,,,,321445.2374253746,0.0,0.0,321445.2374253746,5,car-train_7000_1000000_ss_0.0001_bs_128_tu_100_e_0.1_rb_2000000_ar_5
0.0001,64,100,0.1,1000000,3,,,,313232.64018451347,,,,,,,313232.64018451347,0.0,0.0,313232.64018451347,5,car-train_4000_1000000_ss_0.0001_bs_64_tu_100_e_0.1_rb_1000000_ar_3
0.0001,64,100,0.1,2000000,3,,,,313232.64018451347,,,,,,,313232.64018451347,0.0,0.0,313232.64018451347,5,car-train_4000_1000000_ss_0.0001_bs_64_tu_100_e_0.1_rb_2000000_ar_3
0.0001,128,1000,0.01,1000000,5,,,,308295.45017925696,,,,,,,308295.45017925696,0.0,0.0,308295.45017925696,5,car-train_4000_1000000_ss_0.0001_bs_128_tu_1000_e_0.01_rb_1000000_ar_5
0.0001,128,1000,0.01,2000000,5,,,,308295.45017925696,,,,,,,308295.45017925696,0.0,0.0,308295.45017925696,5,car-train_4000_1000000_ss_0.0001_bs_128_tu_1000_e_0.01_rb_2000000_ar_5
0.0001,128,100,0.01,2000000,7,284046.64681744867,,,,,,,,,,284046.64681744867,0.0,0.0,284046.64681744867,5,car-train_1000_1000000_ss_0.0001_bs_128_tu_100_e_0.01_rb_2000000_ar_7
0.0001,128,500,0.01,2000000,3,,,,,,,281551.4543315278,,,,281551.4543315278,0.0,0.0,281551.4543315278,5,car-train_7000_1000000_ss_0.0001_bs_128_tu_500_e_0.01_rb_2000000_ar_3
0.0001,128,500,0.01,1000000,3,,,,,,,281551.4543315278,,,,281551.4543315278,0.0,0.0,281551.4543315278,5,car-train_7000_1000000_ss_0.0001_bs_128_tu_500_e_0.01_rb_1000000_ar_3
0.0001,64,500,0.1,1000000,3,,,,274818.4886957291,,,,,,,274818.4886957291,0.0,0.0,274818.4886957291,5,car-train_4000_1000000_ss_0.0001_bs_64_tu_500_e_0.1_rb_1000000_ar_3
0.0001,64,500,0.1,2000000,3,,,,274818.4886957291,,,,,,,274818.4886957291,0.0,0.0,274818.4886957291,5,car-train_4000_1000000_ss_0.0001_bs_64_tu_500_e_0.1_rb_2000000_ar_3
0.0001,64,100,0.1,1000000,5,,251905.01037613314,,,,,,,,,251905.01037613314,0.0,0.0,251905.01037613314,5,car-train_2000_1000000_ss_0.0001_bs_64_tu_100_e_0.1_rb_1000000_ar_5
0.0001,64,1000,0.01,1000000,7,,,,,245401.8823720009,,,,,,245401.8823720009,0.0,0.0,245401.8823720009,5,car-train_5000_1000000_ss_0.0001_bs_64_tu_1000_e_0.01_rb_1000000_ar_7
0.0001,64,1000,0.01,2000000,7,231394.57383768325,,,,245401.8823720009,,,,,,238398.22810484207,7003.654267158825,7003.654267158825,245401.8823720009,6,car-train_1000_1000000_ss_0.0001_bs_64_tu_1000_e_0.01_rb_2000000_ar_7;car-train_5000_1000000_ss_0.0001_bs_64_tu_1000_e_0.01_rb_2000000_ar_7
0.0001,64,1000,0.1,2000000,3,,,,,,,181603.55878969756,,288787.42615100124,,235195.49247034942,53591.93368065184,53591.93368065184,288787.42615100124,6,car-train_7000_1000000_ss_0.0001_bs_64_tu_1000_e_0.1_rb_2000000_ar_3;car-train_9000_1000000_ss_0.0001_bs_64_tu_1000_e_0.1_rb_2000000_ar_3
0.0001,128,100,0.1,2000000,7,,228171.4169122275,,,,,,,,,228171.4169122275,0.0,0.0,228171.4169122275,5,car-train_2000_1000000_ss_0.0001_bs_128_tu_100_e_0.1_rb_2000000_ar_7
0.0001,128,100,0.1,1000000,7,,228171.4169122275,,,,,,,,,228171.4169122275,0.0,0.0,228171.4169122275,5,car-train_2000_1000000_ss_0.0001_bs_128_tu_100_e_0.1_rb_1000000_ar_7
0.0001,256,1000,0.01,1000000,7,,,,,206551.38011580112,,,,,,206551.38011580112,0.0,0.0,206551.38011580112,5,car-train_5000_1000000_ss_0.0001_bs_256_tu_1000_e_0.01_rb_1000000_ar_7
0.0001,256,500,0.01,2000000,5,,,,,,,,,204693.26652976393,,204693.26652976393,0.0,0.0,204693.26652976393,5,car-train_9000_1000000_ss_0.0001_bs_256_tu_500_e_0.01_rb_2000000_ar_5
0.0001,64,100,0.1,1000000,7,,203719.36714532718,,,,,,,,,203719.36714532718,0.0,0.0,203719.36714532718,5,car-train_2000_1000000_ss_0.0001_bs_64_tu_100_e_0.1_rb_1000000_ar_7
0.0001,64,100,0.1,2000000,7,,203719.36714532718,,,,,,,,,203719.36714532718,0.0,0.0,203719.36714532718,5,car-train_2000_1000000_ss_0.0001_bs_64_tu_100_e_0.1_rb_2000000_ar_7
0.0001,128,500,0.1,1000000,7,,,,,,,200464.1283285855,,,,200464.1283285855,0.0,0.0,200464.1283285855,5,car-train_7000_1000000_ss_0.0001_bs_128_tu_500_e_0.1_rb_1000000_ar_7
0.0001,128,500,0.1,2000000,7,,,,,,,200464.1283285855,,,,200464.1283285855,0.0,0.0,200464.1283285855,5,car-train_7000_1000000_ss_0.0001_bs_128_tu_500_e_0.1_rb_2000000_ar_7
0.0001,128,100,0.01,1000000,7,,,194224.9405221092,,,,,,,,194224.9405221092,0.0,0.0,194224.9405221092,5,car-train_3000_1000000_ss_0.0001_bs_128_tu_100_e_0.01_rb_1000000_ar_7
0.0001,256,100,0.1,1000000,3,,,,,,,,,187734.99697863837,,187734.99697863837,0.0,0.0,187734.99697863837,5,car-train_9000_1000000_ss_0.0001_bs_256_tu_100_e_0.1_rb_1000000_ar_3
0.0001,256,100,0.1,2000000,3,,,,,,,,,187734.99697863837,,187734.99697863837,0.0,0.0,187734.99697863837,5,car-train_9000_1000000_ss_0.0001_bs_256_tu_100_e_0.1_rb_2000000_ar_3
0.0001,128,1000,0.1,2000000,7,,,186134.49747994484,,,,,,,,186134.49747994484,0.0,0.0,186134.49747994484,5,car-train_3000_1000000_ss_0.0001_bs_128_tu_1000_e_0.1_rb_2000000_ar_7
0.0001,64,1000,0.1,1000000,3,,,,,,,181603.55878969756,,,,181603.55878969756,0.0,0.0,181603.55878969756,5,car-train_7000_1000000_ss_0.0001_bs_64_tu_1000_e_0.1_rb_1000000_ar_3
0.0001,128,500,0.1,2000000,5,,170649.30648923456,,,,,,,,,170649.30648923456,0.0,0.0,170649.30648923456,5,car-train_2000_1000000_ss_0.0001_bs_128_tu_500_e_0.1_rb_2000000_ar_5
0.0001,128,1000,0.1,1000000,7,135551.63646516151,,,,,,,,,,135551.63646516151,0.0,0.0,135551.63646516151,5,car-train_1000_1000000_ss_0.0001_bs_128_tu_1000_e_0.1_rb_1000000_ar_7
0.0001,256,500,0.1,2000000,7,,,158807.86583097393,,,107674.64211573196,,,,,133241.25397335296,25566.611857620985,25566.611857620985,158807.86583097393,6,car-train_3000_1000000_ss_0.0001_bs_256_tu_500_e_0.1_rb_2000000_ar_7;car-train_6000_1000000_ss_0.0001_bs_256_tu_500_e_0.1_rb_2000000_ar_7
0.0001,256,500,0.1,1000000,7,,,158807.86583097393,,,107674.64211573196,,,,,133241.25397335296,25566.611857620985,25566.611857620985,158807.86583097393,6,car-train_3000_1000000_ss_0.0001_bs_256_tu_500_e_0.1_rb_1000000_ar_7;car-train_6000_1000000_ss_0.0001_bs_256_tu_500_e_0.1_rb_1000000_ar_7
0.0001,256,1000,0.1,1000000,5,,,,,,,,,129092.41881700899,,129092.41881700899,0.0,0.0,129092.41881700899,5,car-train_9000_1000000_ss_0.0001_bs_256_tu_1000_e_0.1_rb_1000000_ar_5
0.0001,256,1000,0.1,2000000,5,,,,,,,,,129092.41881700899,,129092.41881700899,0.0,0.0,129092.41881700899,5,car-train_9000_1000000_ss_0.0001_bs_256_tu_1000_e_0.1_rb_2000000_ar_5
0.0001,256,500,0.01,2000000,7,,126045.14451210217,,,,,,,,,126045.14451210217,0.0,0.0,126045.14451210217,5,car-train_2000_1000000_ss_0.0001_bs_256_tu_500_e_0.01_rb_2000000_ar_7
0.0001,256,500,0.01,1000000,7,,126045.14451210217,,,,,,,,,126045.14451210217,0.0,0.0,126045.14451210217,5,car-train_2000_1000000_ss_0.0001_bs_256_tu_500_e_0.01_rb_1000000_ar_7
0.0001,256,1000,0.01,2000000,7,,,,,206551.38011580112,,19747.964665125997,,,,113149.67239046356,93401.70772533756,19747.964665125997,206551.38011580112,6,car-train_5000_1000000_ss_0.0001_bs_256_tu_1000_e_0.01_rb_2000000_ar_7;car-train_7000_1000000_ss_0.0001_bs_256_tu_1000_e_0.01_rb_2000000_ar_7
0.001,128,500,0.01,2000000,3,,,197620.57505890698,,,,,,26059.511140418843,,111840.04309966291,85780.53195924408,26059.511140418843,197620.57505890698,6,car-train_3000_1000000_ss_0.001_bs_128_tu_500_e_0.01_rb_2000000_ar_3;car-train_9000_1000000_ss_0.001_bs_128_tu_500_e_0.01_rb_2000000_ar_3
0.001,128,500,0.01,1000000,3,,,197620.57505890698,,,,,,26059.511140418843,,111840.04309966291,85780.53195924408,26059.511140418843,197620.57505890698,6,car-train_3000_1000000_ss_0.001_bs_128_tu_500_e_0.01_rb_1000000_ar_3;car-train_9000_1000000_ss_0.001_bs_128_tu_500_e_0.01_rb_1000000_ar_3
0.0001,256,500,0.01,1000000,5,,,,105112.47029043874,,,,,,,105112.47029043874,0.0,0.0,105112.47029043874,5,car-train_4000_1000000_ss_0.0001_bs_256_tu_500_e_0.01_rb_1000000_ar_5
0.0001,128,500,0.1,1000000,5,,,,,,,102388.29192524131,,,,102388.29192524131,0.0,0.0,102388.29192524131,5,car-train_7000_1000000_ss_0.0001_bs_128_tu_500_e_0.1_rb_1000000_ar_5
0.0001,128,1000,0.01,2000000,7,,,,,,,213649.67298166113,,,-18368.759157614542,97640.45691202329,116009.21606963783,-18368.759157614542,213649.67298166113,6,car-train_10000_1000000_ss_0.0001_bs_128_tu_1000_e_0.01_rb_2000000_ar_7;car-train_7000_1000000_ss_0.0001_bs_128_tu_1000_e_0.01_rb_2000000_ar_7
0.0001,64,1000,0.1,1000000,7,80330.63518357778,,,,,,,,,,80330.63518357778,0.0,0.0,80330.63518357778,5,car-train_1000_1000000_ss_0.0001_bs_64_tu_1000_e_0.1_rb_1000000_ar_7
0.0001,64,1000,0.1,2000000,7,80330.63518357778,,,,,,,,,,80330.63518357778,0.0,0.0,80330.63518357778,5,car-train_1000_1000000_ss_0.0001_bs_64_tu_1000_e_0.1_rb_2000000_ar_7
0.0001,256,100,0.1,1000000,7,,,,,,68437.62223223675,,,,,68437.62223223675,0.0,0.0,68437.62223223675,5,car-train_6000_1000000_ss_0.0001_bs_256_tu_100_e_0.1_rb_1000000_ar_7
0.001,128,1000,0.01,2000000,3,,,,,,61724.09194735496,,,,,61724.09194735496,0.0,0.0,61724.09194735496,5,car-train_6000_1000000_ss_0.001_bs_128_tu_1000_e_0.01_rb_2000000_ar_3
0.0001,64,500,0.1,1000000,5,,,,,,,,,,60111.77731084138,60111.77731084138,0.0,0.0,60111.77731084138,5,car-train_10000_1000000_ss_0.0001_bs_64_tu_500_e_0.1_rb_1000000_ar_5
0.0001,256,100,0.01,2000000,7,,,,83760.61547185897,,,,,,-2732.3148184817505,40514.15032668861,43246.465145170354,-2732.3148184817505,83760.61547185897,6,car-train_10000_1000000_ss_0.0001_bs_256_tu_100_e_0.01_rb_2000000_ar_7;car-train_4000_1000000_ss_0.0001_bs_256_tu_100_e_0.01_rb_2000000_ar_7
0.0001,256,100,0.1,2000000,7,,,,,,,39810.9777543736,,,,39810.9777543736,0.0,0.0,39810.9777543736,5,car-train_7000_1000000_ss_0.0001_bs_256_tu_100_e_0.1_rb_2000000_ar_7
0.0001,64,500,0.1,2000000,5,,,36539.855099156135,,,,,,,,36539.855099156135,0.0,0.0,36539.855099156135,5,car-train_3000_1000000_ss_0.0001_bs_64_tu_500_e_0.1_rb_2000000_ar_5
0.0001,256,100,0.01,2000000,3,,,,,,,33578.480240717596,,,,33578.480240717596,0.0,0.0,33578.480240717596,5,car-train_7000_1000000_ss_0.0001_bs_256_tu_100_e_0.01_rb_2000000_ar_3
0.001,64,500,0.01,2000000,3,,,,,,,,,,30680.46866417632,30680.46866417632,0.0,0.0,30680.46866417632,5,car-train_10000_1000000_ss_0.001_bs_64_tu_500_e_0.01_rb_2000000_ar_3
0.001,64,500,0.01,1000000,3,,,,,,,,,,30680.46866417632,30680.46866417632,0.0,0.0,30680.46866417632,5,car-train_10000_1000000_ss_0.001_bs_64_tu_500_e_0.01_rb_1000000_ar_3
0.001,64,1000,0.01,2000000,3,,,,,,,,29658.758681815354,,,29658.758681815354,0.0,0.0,29658.758681815354,5,car-train_8000_1000000_ss_0.001_bs_64_tu_1000_e_0.01_rb_2000000_ar_3
0.001,64,1000,0.01,1000000,3,,,,,,,,29658.758681815354,,,29658.758681815354,0.0,0.0,29658.758681815354,5,car-train_8000_1000000_ss_0.001_bs_64_tu_1000_e_0.01_rb_1000000_ar_3
0.0001,64,500,0.01,1000000,7,102399.96492710605,,,,,,,-44568.18166446109,,,28915.89163132248,73484.07329578357,-44568.18166446109,102399.96492710605,6,car-train_1000_1000000_ss_0.0001_bs_64_tu_500_e_0.01_rb_1000000_ar_7;car-train_8000_1000000_ss_0.0001_bs_64_tu_500_e_0.01_rb_1000000_ar_7
0.0001,64,500,0.01,2000000,7,102399.96492710605,,,,,,,-44568.18166446109,,,28915.89163132248,73484.07329578357,-44568.18166446109,102399.96492710605,6,car-train_1000_1000000_ss_0.0001_bs_64_tu_500_e_0.01_rb_2000000_ar_7;car-train_8000_1000000_ss_0.0001_bs_64_tu_500_e_0.01_rb_2000000_ar_7
0.0001,128,500,0.01,1000000,7,,,,27892.912201210234,,,,,,,27892.912201210234,0.0,0.0,27892.912201210234,5,car-train_4000_1000000_ss_0.0001_bs_128_tu_500_e_0.01_rb_1000000_ar_7
0.0001,128,500,0.01,2000000,7,,,,27892.912201210234,,,,,,,27892.912201210234,0.0,0.0,27892.912201210234,5,car-train_4000_1000000_ss_0.0001_bs_128_tu_500_e_0.01_rb_2000000_ar_7
0.001,128,1000,0.01,1000000,3,,13863.559642868457,,,,,,,,,13863.559642868457,0.0,0.0,13863.559642868457,5,car-train_2000_1000000_ss_0.001_bs_128_tu_1000_e_0.01_rb_1000000_ar_3
0.001,64,1000,0.01,1000000,5,,,,,,,35718.67501944063,,-15680.05979823479,,10019.307610602918,25699.36740883771,-15680.05979823479,35718.67501944063,6,car-train_7000_1000000_ss_0.001_bs_64_tu_1000_e_0.01_rb_1000000_ar_5;car-train_9000_1000000_ss_0.001_bs_64_tu_1000_e_0.01_rb_1000000_ar_5
0.001,64,1000,0.01,2000000,5,,,,,,,35718.67501944063,,-15680.05979823479,,10019.307610602918,25699.36740883771,-15680.05979823479,35718.67501944063,6,car-train_7000_1000000_ss_0.001_bs_64_tu_1000_e_0.01_rb_2000000_ar_5;car-train_9000_1000000_ss_0.001_bs_64_tu_1000_e_0.01_rb_2000000_ar_5
0.001,64,100,0.01,1000000,3,,,,,,,31785.833019443504,,-30777.044460588393,,504.3942794275554,31281.438740015947,-30777.044460588393,31785.833019443504,6,car-train_7000_1000000_ss_0.001_bs_64_tu_100_e_0.01_rb_1000000_ar_3;car-train_9000_1000000_ss_0.001_bs_64_tu_100_e_0.01_rb_1000000_ar_3
0.001,64,100,0.01,2000000,3,,,,,,,31785.833019443504,,-30777.044460588393,,504.3942794275554,31281.438740015947,-30777.044460588393,31785.833019443504,6,car-train_7000_1000000_ss_0.001_bs_64_tu_100_e_0.01_rb_2000000_ar_3;car-train_9000_1000000_ss_0.001_bs_64_tu_100_e_0.01_rb_2000000_ar_3
0.0001,256,100,0.01,1000000,7,,,,,,,,,,-2732.3148184817505,-2732.3148184817505,0.0,-2732.3148184817505,0.0,5,car-train_10000_1000000_ss_0.0001_bs_256_tu_100_e_0.01_rb_1000000_ar_7
0.0001,256,1000,0.01,2000000,5,,,35557.35897876665,,-46778.99642268935,,,,,,-5610.81872196135,41168.177700728,-46778.99642268935,41168.177700728,6,car-train_3000_1000000_ss_0.0001_bs_256_tu_1000_e_0.01_rb_2000000_ar_5;car-train_5000_1000000_ss_0.0001_bs_256_tu_1000_e_0.01_rb_2000000_ar_5
0.0001,256,1000,0.01,1000000,5,,,35557.35897876665,,-46778.99642268935,,,,,,-5610.81872196135,41168.177700728,-46778.99642268935,41168.177700728,6,car-train_3000_1000000_ss_0.0001_bs_256_tu_1000_e_0.01_rb_1000000_ar_5;car-train_5000_1000000_ss_0.0001_bs_256_tu_1000_e_0.01_rb_1000000_ar_5
0.001,128,100,0.01,1000000,3,,,,,,-24638.56641227119,,,310.85822232981155,,-12163.85409497069,12474.7123173005,-24638.56641227119,12474.7123173005,6,car-train_6000_1000000_ss_0.001_bs_128_tu_100_e_0.01_rb_1000000_ar_3;car-train_9000_1000000_ss_0.001_bs_128_tu_100_e_0.01_rb_1000000_ar_3
0.001,256,100,0.01,1000000,7,-41037.50239360363,,,,,8736.204634895761,,,,,-16150.648879353936,24886.853514249695,-41037.50239360363,24886.853514249695,6,car-train_1000_1000000_ss_0.001_bs_256_tu_100_e_0.01_rb_1000000_ar_7;car-train_6000_1000000_ss_0.001_bs_256_tu_100_e_0.01_rb_1000000_ar_7
0.001,256,100,0.01,2000000,7,-41037.50239360363,,,,,8736.204634895761,,,,,-16150.648879353936,24886.853514249695,-41037.50239360363,24886.853514249695,6,car-train_1000_1000000_ss_0.001_bs_256_tu_100_e_0.01_rb_2000000_ar_7;car-train_6000_1000000_ss_0.001_bs_256_tu_100_e_0.01_rb_2000000_ar_7
0.0001,128,1000,0.01,1000000,7,,,,,,,,,,-18368.759157614542,-18368.759157614542,0.0,-18368.759157614542,0.0,5,car-train_10000_1000000_ss_0.0001_bs_128_tu_1000_e_0.01_rb_1000000_ar_7
0.001,128,100,0.1,1000000,3,,,,,,,,,-19724.265724945155,,-19724.265724945155,0.0,-19724.265724945155,0.0,5,car-train_9000_1000000_ss_0.001_bs_128_tu_100_e_0.1_rb_1000000_ar_3
0.001,128,100,0.1,2000000,3,,,,,,,,,-19724.265724945155,,-19724.265724945155,0.0,-19724.265724945155,0.0,5,car-train_9000_1000000_ss_0.001_bs_128_tu_100_e_0.1_rb_2000000_ar_3
0.001,256,1000,0.01,2000000,3,,-41393.2460580565,,,,,-3117.116780398945,,,,-22255.181419227723,19138.06463882878,-41393.2460580565,19138.06463882878,6,car-train_2000_1000000_ss_0.001_bs_256_tu_1000_e_0.01_rb_2000000_ar_3;car-train_7000_1000000_ss_0.001_bs_256_tu_1000_e_0.01_rb_2000000_ar_3
0.001,256,1000,0.01,1000000,3,,-41393.2460580565,,,,,-3117.116780398945,,,,-22255.181419227723,19138.06463882878,-41393.2460580565,19138.06463882878,6,car-train_2000_1000000_ss_0.001_bs_256_tu_1000_e_0.01_rb_1000000_ar_3;car-train_7000_1000000_ss_0.001_bs_256_tu_1000_e_0.01_rb_1000000_ar_3
0.001,64,500,0.1,2000000,3,,,,-32452.290310915963,,-15144.345448414713,,,,,-23798.317879665337,8653.972431250624,-32452.290310915963,8653.972431250624,6,car-train_4000_1000000_ss_0.001_bs_64_tu_500_e_0.1_rb_2000000_ar_3;car-train_6000_1000000_ss_0.001_bs_64_tu_500_e_0.1_rb_2000000_ar_3
0.001,128,100,0.01,2000000,5,,,,,,,,-23907.990685408204,,,-23907.990685408204,0.0,-23907.990685408204,0.0,5,car-train_8000_1000000_ss_0.001_bs_128_tu_100_e_0.01_rb_2000000_ar_5
0.001,128,100,0.01,1000000,5,,,,,,,,-23907.990685408204,,,-23907.990685408204,0.0,-23907.990685408204,0.0,5,car-train_8000_1000000_ss_0.001_bs_128_tu_100_e_0.01_rb_1000000_ar_5
0.001,256,500,0.01,2000000,3,,,,-26591.536226130433,,-22433.81621883517,,,,,-24512.6762224828,2078.860003647631,-26591.536226130433,2078.860003647631,6,car-train_4000_1000000_ss_0.001_bs_256_tu_500_e_0.01_rb_2000000_ar_3;car-train_6000_1000000_ss_0.001_bs_256_tu_500_e_0.01_rb_2000000_ar_3
0.001,256,500,0.01,1000000,3,,,,-26591.536226130433,,-22433.81621883517,,,,,-24512.6762224828,2078.860003647631,-26591.536226130433,2078.860003647631,6,car-train_4000_1000000_ss_0.001_bs_256_tu_500_e_0.01_rb_1000000_ar_3;car-train_6000_1000000_ss_0.001_bs_256_tu_500_e_0.01_rb_1000000_ar_3
0.001,128,100,0.01,2000000,3,,,,,,-24638.56641227119,,,,,-24638.56641227119,0.0,-24638.56641227119,0.0,5,car-train_6000_1000000_ss_0.001_bs_128_tu_100_e_0.01_rb_2000000_ar_3
0.0001,256,500,0.01,1000000,3,,,,,,,,,,-25523.08480263561,-25523.08480263561,0.0,-25523.08480263561,0.0,5,car-train_10000_1000000_ss_0.0001_bs_256_tu_500_e_0.01_rb_1000000_ar_3
0.0001,256,500,0.01,2000000,3,,,,,,,,,,-25523.08480263561,-25523.08480263561,0.0,-25523.08480263561,0.0,5,car-train_10000_1000000_ss_0.0001_bs_256_tu_500_e_0.01_rb_2000000_ar_3
0.001,64,100,0.1,2000000,3,,,,-15375.697465855892,,,,-35832.73275329141,,,-25604.21510957365,10228.51764371776,-35832.73275329141,10228.51764371776,6,car-train_4000_1000000_ss_0.001_bs_64_tu_100_e_0.1_rb_2000000_ar_3;car-train_8000_1000000_ss_0.001_bs_64_tu_100_e_0.1_rb_2000000_ar_3
0.0001,64,1000,0.1,1000000,5,,,-26230.62083631528,,,,,,,,-26230.62083631528,0.0,-26230.62083631528,0.0,5,car-train_3000_1000000_ss_0.0001_bs_64_tu_1000_e_0.1_rb_1000000_ar_5
0.0001,64,1000,0.1,2000000,5,,,-26230.62083631528,,,,,,,,-26230.62083631528,0.0,-26230.62083631528,0.0,5,car-train_3000_1000000_ss_0.0001_bs_64_tu_1000_e_0.1_rb_2000000_ar_5
0.0001,256,1000,0.1,2000000,7,,-50651.374913074425,,-2811.435566288251,,,,,,,-26731.40523968134,23919.969673393087,-50651.374913074425,23919.969673393087,6,car-train_2000_1000000_ss_0.0001_bs_256_tu_1000_e_0.1_rb_2000000_ar_7;car-train_4000_1000000_ss_0.0001_bs_256_tu_1000_e_0.1_rb_2000000_ar_7
0.0001,256,500,0.1,1000000,3,,,,,,,,,,-30606.28211728684,-30606.28211728684,0.0,-30606.28211728684,0.0,5,car-train_10000_1000000_ss_0.0001_bs_256_tu_500_e_0.1_rb_1000000_ar_3
0.0001,256,500,0.1,2000000,3,,,,,,,,,,-30606.28211728684,-30606.28211728684,0.0,-30606.28211728684,0.0,5,car-train_10000_1000000_ss_0.0001_bs_256_tu_500_e_0.1_rb_2000000_ar_3
0.001,64,500,0.1,1000000,3,,,,-32452.290310915963,,,,,-31696.504574633997,,-32074.397442774978,377.8928681409834,-32452.290310915963,377.8928681409834,6,car-train_4000_1000000_ss_0.001_bs_64_tu_500_e_0.1_rb_1000000_ar_3;car-train_9000_1000000_ss_0.001_bs_64_tu_500_e_0.1_rb_1000000_ar_3
0.001,128,1000,0.1,2000000,3,,,,,,,,-32626.929907619655,,,-32626.929907619655,0.0,-32626.929907619655,0.0,5,car-train_8000_1000000_ss_0.001_bs_128_tu_1000_e_0.1_rb_2000000_ar_3
0.001,128,500,0.1,1000000,3,,,,,,,,,-30320.491518502695,-36412.141774227544,-33366.31664636512,3045.825127862425,-36412.141774227544,3045.825127862425,6,car-train_10000_1000000_ss_0.001_bs_128_tu_500_e_0.1_rb_1000000_ar_3;car-train_9000_1000000_ss_0.001_bs_128_tu_500_e_0.1_rb_1000000_ar_3
0.001,128,500,0.1,2000000,3,,,,,,,,,-30320.491518502695,-36412.141774227544,-33366.31664636512,3045.825127862425,-36412.141774227544,3045.825127862425,6,car-train_10000_1000000_ss_0.001_bs_128_tu_500_e_0.1_rb_2000000_ar_3;car-train_9000_1000000_ss_0.001_bs_128_tu_500_e_0.1_rb_2000000_ar_3
0.001,64,1000,0.01,1000000,7,,,,,,,-23292.471714696778,,,-44276.02975071972,-33784.25073270825,10491.77901801147,-44276.02975071972,10491.77901801147,6,car-train_10000_1000000_ss_0.001_bs_64_tu_1000_e_0.01_rb_1000000_ar_7;car-train_7000_1000000_ss_0.001_bs_64_tu_1000_e_0.01_rb_1000000_ar_7
0.001,64,1000,0.01,2000000,7,,,,,,,-23292.471714696778,,,-44276.02975071972,-33784.25073270825,10491.77901801147,-44276.02975071972,10491.77901801147,6,car-train_10000_1000000_ss_0.001_bs_64_tu_1000_e_0.01_rb_2000000_ar_7;car-train_7000_1000000_ss_0.001_bs_64_tu_1000_e_0.01_rb_2000000_ar_7
0.001,128,1000,0.01,2000000,7,,-43630.87166247961,,,-24176.577051191252,,,,,,-33903.72435683543,9727.147305644177,-43630.87166247961,9727.147305644177,6,car-train_2000_1000000_ss_0.001_bs_128_tu_1000_e_0.01_rb_2000000_ar_7;car-train_5000_1000000_ss_0.001_bs_128_tu_1000_e_0.01_rb_2000000_ar_7
0.001,128,1000,0.01,1000000,7,,-43630.87166247961,,,-24176.577051191252,,,,,,-33903.72435683543,9727.147305644177,-43630.87166247961,9727.147305644177,6,car-train_2000_1000000_ss_0.001_bs_128_tu_1000_e_0.01_rb_1000000_ar_7;car-train_5000_1000000_ss_0.001_bs_128_tu_1000_e_0.01_rb_1000000_ar_7
0.001,128,1000,0.01,2000000,5,,,,-25218.125243907532,,,,,,-43262.89888148144,-34240.512062694484,9022.386818786952,-43262.89888148144,9022.386818786952,6,car-train_10000_1000000_ss_0.001_bs_128_tu_1000_e_0.01_rb_2000000_ar_5;car-train_4000_1000000_ss_0.001_bs_128_tu_1000_e_0.01_rb_2000000_ar_5
0.001,128,1000,0.01,1000000,5,,,,-25218.125243907532,,,,,,-43262.89888148144,-34240.512062694484,9022.386818786952,-43262.89888148144,9022.386818786952,6,car-train_10000_1000000_ss_0.001_bs_128_tu_1000_e_0.01_rb_1000000_ar_5;car-train_4000_1000000_ss_0.001_bs_128_tu_1000_e_0.01_rb_1000000_ar_5
0.001,128,1000,0.1,1000000,3,,,,,-36746.91191521548,,,-32626.929907619655,,,-34686.92091141757,2059.9910037979134,-36746.91191521548,2059.9910037979134,6,car-train_5000_1000000_ss_0.001_bs_128_tu_1000_e_0.1_rb_1000000_ar_3;car-train_8000_1000000_ss_0.001_bs_128_tu_1000_e_0.1_rb_1000000_ar_3
0.001,64,100,0.01,1000000,7,,,,,,,-35133.31831670806,,,,-35133.31831670806,0.0,-35133.31831670806,0.0,5,car-train_7000_1000000_ss_0.001_bs_64_tu_100_e_0.01_rb_1000000_ar_7
0.001,64,100,0.01,2000000,7,,,,,,,-35133.31831670806,,,,-35133.31831670806,0.0,-35133.31831670806,0.0,5,car-train_7000_1000000_ss_0.001_bs_64_tu_100_e_0.01_rb_2000000_ar_7
0.001,256,1000,0.01,1000000,7,,,,,,-20248.548310426464,-50523.01422312258,,,,-35385.78126677452,15137.232956348056,-50523.01422312258,15137.232956348056,6,car-train_6000_1000000_ss_0.001_bs_256_tu_1000_e_0.01_rb_1000000_ar_7;car-train_7000_1000000_ss_0.001_bs_256_tu_1000_e_0.01_rb_1000000_ar_7
0.001,256,1000,0.01,2000000,7,,,,,,-20248.548310426464,-50523.01422312258,,,,-35385.78126677452,15137.232956348056,-50523.01422312258,15137.232956348056,6,car-train_6000_1000000_ss_0.001_bs_256_tu_1000_e_0.01_rb_2000000_ar_7;car-train_7000_1000000_ss_0.001_bs_256_tu_1000_e_0.01_rb_2000000_ar_7
0.001,64,100,0.1,1000000,3,,,,,,,,-35832.73275329141,,,-35832.73275329141,0.0,-35832.73275329141,0.0,5,car-train_8000_1000000_ss_0.001_bs_64_tu_100_e_0.1_rb_1000000_ar_3
0.0001,128,1000,0.1,2000000,5,,,-35962.17726426261,,,,,,,,-35962.17726426261,0.0,-35962.17726426261,0.0,5,car-train_3000_1000000_ss_0.0001_bs_128_tu_1000_e_0.1_rb_2000000_ar_5
0.0001,128,1000,0.1,1000000,5,,,-35962.17726426261,,,,,,,,-35962.17726426261,0.0,-35962.17726426261,0.0,5,car-train_3000_1000000_ss_0.0001_bs_128_tu_1000_e_0.1_rb_1000000_ar_5
0.0001,128,100,0.01,2000000,5,,,-50201.45692121288,,,,,,,-22231.684342452685,-36216.57063183278,13984.886289380096,-50201.45692121288,13984.886289380096,6,car-train_10000_1000000_ss_0.0001_bs_128_tu_100_e_0.01_rb_2000000_ar_5;car-train_3000_1000000_ss_0.0001_bs_128_tu_100_e_0.01_rb_2000000_ar_5
0.0001,128,100,0.01,1000000,5,,,-50201.45692121288,,,,,,,-22231.684342452685,-36216.57063183278,13984.886289380096,-50201.45692121288,13984.886289380096,6,car-train_10000_1000000_ss_0.0001_bs_128_tu_100_e_0.01_rb_1000000_ar_5;car-train_3000_1000000_ss_0.0001_bs_128_tu_100_e_0.01_rb_1000000_ar_5
0.001,64,100,0.01,2000000,5,,,-36237.40555656772,,,,,,,,-36237.40555656772,0.0,-36237.40555656772,0.0,5,car-train_3000_1000000_ss_0.001_bs_64_tu_100_e_0.01_rb_2000000_ar_5
0.001,64,100,0.01,1000000,5,,,-36237.40555656772,,,,,,,,-36237.40555656772,0.0,-36237.40555656772,0.0,5,car-train_3000_1000000_ss_0.001_bs_64_tu_100_e_0.01_rb_1000000_ar_5
0.001,256,1000,0.01,1000000,5,,,-36707.97482307696,,,,,,,,-36707.97482307696,0.0,-36707.97482307696,0.0,5,car-train_3000_1000000_ss_0.001_bs_256_tu_1000_e_0.01_rb_1000000_ar_5
0.001,256,1000,0.01,2000000,5,,,-36707.97482307696,,,,,,,,-36707.97482307696,0.0,-36707.97482307696,0.0,5,car-train_3000_1000000_ss_0.001_bs_256_tu_1000_e_0.01_rb_2000000_ar_5
0.01,256,500,0.01,1000000,3,,,,,,,,,-37117.732414766404,,-37117.732414766404,0.0,-37117.732414766404,0.0,5,car-train_9000_1000000_ss_0.01_bs_256_tu_500_e_0.01_rb_1000000_ar_3
0.01,256,500,0.01,2000000,3,,,,,,,,,-37117.732414766404,,-37117.732414766404,0.0,-37117.732414766404,0.0,5,car-train_9000_1000000_ss_0.01_bs_256_tu_500_e_0.01_rb_2000000_ar_3
0.01,64,100,0.01,1000000,5,,,,,,-37488.111069729064,,,,,-37488.111069729064,0.0,-37488.111069729064,0.0,5,car-train_6000_1000000_ss_0.01_bs_64_tu_100_e_0.01_rb_1000000_ar_5
0.01,64,100,0.01,2000000,5,,,,,,-37488.111069729064,,,,,-37488.111069729064,0.0,-37488.111069729064,0.0,5,car-train_6000_1000000_ss_0.01_bs_64_tu_100_e_0.01_rb_2000000_ar_5
0.001,256,100,0.01,1000000,5,,,-37690.82439956598,,,,,,,,-37690.82439956598,0.0,-37690.82439956598,0.0,5,car-train_3000_1000000_ss_0.001_bs_256_tu_100_e_0.01_rb_1000000_ar_5
0.001,256,100,0.01,2000000,5,,,-37690.82439956598,,,,,,,,-37690.82439956598,0.0,-37690.82439956598,0.0,5,car-train_3000_1000000_ss_0.001_bs_256_tu_100_e_0.01_rb_2000000_ar_5
0.001,256,100,0.01,2000000,3,,,,,,,,-28277.43907528868,-47602.287923142394,,-37939.863499215535,9662.424423926857,-47602.287923142394,9662.424423926857,6,car-train_8000_1000000_ss_0.001_bs_256_tu_100_e_0.01_rb_2000000_ar_3;car-train_9000_1000000_ss_0.001_bs_256_tu_100_e_0.01_rb_2000000_ar_3
0.001,256,100,0.01,1000000,3,,,,,,,,-28277.43907528868,-47602.287923142394,,-37939.863499215535,9662.424423926857,-47602.287923142394,9662.424423926857,6,car-train_8000_1000000_ss_0.001_bs_256_tu_100_e_0.01_rb_1000000_ar_3;car-train_9000_1000000_ss_0.001_bs_256_tu_100_e_0.01_rb_1000000_ar_3
0.001,128,500,0.01,1000000,7,,,,-37040.61288796694,-40678.450822996805,,,,,,-38859.53185548187,1818.9189675149319,-40678.450822996805,1818.9189675149319,6,car-train_4000_1000000_ss_0.001_bs_128_tu_500_e_0.01_rb_1000000_ar_7;car-train_5000_1000000_ss_0.001_bs_128_tu_500_e_0.01_rb_1000000_ar_7
0.001,128,500,0.01,2000000,7,,,,-37040.61288796694,-40678.450822996805,,,,,,-38859.53185548187,1818.9189675149319,-40678.450822996805,1818.9189675149319,6,car-train_4000_1000000_ss_0.001_bs_128_tu_500_e_0.01_rb_2000000_ar_7;car-train_5000_1000000_ss_0.001_bs_128_tu_500_e_0.01_rb_2000000_ar_7
0.001,64,1000,0.1,1000000,3,,,-40748.87431134558,,-38041.965623573036,,,,,,-39395.41996745931,1353.454343886271,-40748.87431134558,1353.454343886271,6,car-train_3000_1000000_ss_0.001_bs_64_tu_1000_e_0.1_rb_1000000_ar_3;car-train_5000_1000000_ss_0.001_bs_64_tu_1000_e_0.1_rb_1000000_ar_3
0.001,64,1000,0.1,2000000,3,,,-40748.87431134558,,-38041.965623573036,,,,,,-39395.41996745931,1353.454343886271,-40748.87431134558,1353.454343886271,6,car-train_3000_1000000_ss_0.001_bs_64_tu_1000_e_0.1_rb_2000000_ar_3;car-train_5000_1000000_ss_0.001_bs_64_tu_1000_e_0.1_rb_2000000_ar_3
0.001,128,100,0.01,1000000,7,,-47438.89014271426,,,,,,-31872.708833973174,,,-39655.79948834372,7783.090654370544,-47438.89014271426,7783.090654370544,6,car-train_2000_1000000_ss_0.001_bs_128_tu_100_e_0.01_rb_1000000_ar_7;car-train_8000_1000000_ss_0.001_bs_128_tu_100_e_0.01_rb_1000000_ar_7
0.0001,256,100,0.01,1000000,5,,,-39950.37747857937,,,,,,,,-39950.37747857937,0.0,-39950.37747857937,0.0,5,car-train_3000_1000000_ss_0.0001_bs_256_tu_100_e_0.01_rb_1000000_ar_5
0.0001,256,100,0.01,2000000,5,,,-39950.37747857937,,,,,,,,-39950.37747857937,0.0,-39950.37747857937,0.0,5,car-train_3000_1000000_ss_0.0001_bs_256_tu_100_e_0.01_rb_2000000_ar_5
0.001,256,500,0.01,2000000,7,,,,-44682.862231197585,,-35817.77558671521,,,,,-40250.3189089564,4432.543322241188,-44682.862231197585,4432.543322241188,6,car-train_4000_1000000_ss_0.001_bs_256_tu_500_e_0.01_rb_2000000_ar_7;car-train_6000_1000000_ss_0.001_bs_256_tu_500_e_0.01_rb_2000000_ar_7
0.001,256,500,0.01,1000000,7,,,,-44682.862231197585,,-35817.77558671521,,,,,-40250.3189089564,4432.543322241188,-44682.862231197585,4432.543322241188,6,car-train_4000_1000000_ss_0.001_bs_256_tu_500_e_0.01_rb_1000000_ar_7;car-train_6000_1000000_ss_0.001_bs_256_tu_500_e_0.01_rb_1000000_ar_7
0.0001,256,100,0.01,1000000,3,,,,,,,,,,-40949.99759325849,-40949.99759325849,0.0,-40949.99759325849,0.0,5,car-train_10000_1000000_ss_0.0001_bs_256_tu_100_e_0.01_rb_1000000_ar_3
0.0001,256,1000,0.01,1000000,3,,-40981.75122311522,,,,,,,,,-40981.75122311522,0.0,-40981.75122311522,0.0,5,car-train_2000_1000000_ss_0.0001_bs_256_tu_1000_e_0.01_rb_1000000_ar_3
0.0001,256,1000,0.01,2000000,3,,-40981.75122311522,,,,,,,,,-40981.75122311522,0.0,-40981.75122311522,0.0,5,car-train_2000_1000000_ss_0.0001_bs_256_tu_1000_e_0.01_rb_2000000_ar_3
0.001,256,100,0.1,2000000,3,,,,,,,-40448.94841517971,,-41572.73058535813,,-41010.83950026892,561.8910850892098,-41572.73058535813,561.8910850892098,6,car-train_7000_1000000_ss_0.001_bs_256_tu_100_e_0.1_rb_2000000_ar_3;car-train_9000_1000000_ss_0.001_bs_256_tu_100_e_0.1_rb_2000000_ar_3
0.001,256,100,0.1,1000000,3,,,,,,,-40448.94841517971,,-41572.73058535813,,-41010.83950026892,561.8910850892098,-41572.73058535813,561.8910850892098,6,car-train_7000_1000000_ss_0.001_bs_256_tu_100_e_0.1_rb_1000000_ar_3;car-train_9000_1000000_ss_0.001_bs_256_tu_100_e_0.1_rb_1000000_ar_3
0.01,128,500,0.01,2000000,3,-50463.20280267546,,-32740.514173825522,,,,,,,,-41601.858488250495,8861.34431442497,-50463.20280267546,8861.34431442497,6,car-train_1000_1000000_ss_0.01_bs_128_tu_500_e_0.01_rb_2000000_ar_3;car-train_3000_1000000_ss_0.01_bs_128_tu_500_e_0.01_rb_2000000_ar_3
0.01,128,500,0.01,1000000,3,-50463.20280267546,,-32740.514173825522,,,,,,,,-41601.858488250495,8861.34431442497,-50463.20280267546,8861.34431442497,6,car-train_1000_1000000_ss_0.01_bs_128_tu_500_e_0.01_rb_1000000_ar_3;car-train_3000_1000000_ss_0.01_bs_128_tu_500_e_0.01_rb_1000000_ar_3
0.0001,64,500,0.1,2000000,7,,,,,,,,,,-41623.19123130999,-41623.19123130999,0.0,-41623.19123130999,0.0,5,car-train_10000_1000000_ss_0.0001_bs_64_tu_500_e_0.1_rb_2000000_ar_7
0.0001,64,500,0.1,1000000,7,,,,,,,,,,-41623.19123130999,-41623.19123130999,0.0,-41623.19123130999,0.0,5,car-train_10000_1000000_ss_0.0001_bs_64_tu_500_e_0.1_rb_1000000_ar_7
0.001,64,500,0.01,1000000,7,,-41894.61202555278,,,,,,,,,-41894.61202555278,0.0,-41894.61202555278,0.0,5,car-train_2000_1000000_ss_0.001_bs_64_tu_500_e_0.01_rb_1000000_ar_7
0.001,64,500,0.01,2000000,7,,-41894.61202555278,,,,,,,,,-41894.61202555278,0.0,-41894.61202555278,0.0,5,car-train_2000_1000000_ss_0.001_bs_64_tu_500_e_0.01_rb_2000000_ar_7
0.001,64,1000,0.1,1000000,5,,,,,,-40045.11089517168,-43931.013678618416,,,,-41988.062286895045,1942.9513917233671,-43931.013678618416,1942.9513917233671,6,car-train_6000_1000000_ss_0.001_bs_64_tu_1000_e_0.1_rb_1000000_ar_5;car-train_7000_1000000_ss_0.001_bs_64_tu_1000_e_0.1_rb_1000000_ar_5
0.01,128,100,0.01,2000000,7,,,,,,,,,,-42027.35196087497,-42027.35196087497,0.0,-42027.35196087497,0.0,5,car-train_10000_1000000_ss_0.01_bs_128_tu_100_e_0.01_rb_2000000_ar_7
0.01,128,100,0.01,1000000,7,,,,,,,,,,-42027.35196087497,-42027.35196087497,0.0,-42027.35196087497,0.0,5,car-train_10000_1000000_ss_0.01_bs_128_tu_100_e_0.01_rb_1000000_ar_7
0.001,256,500,0.01,1000000,5,,-42062.110214715336,,,,,,,,,-42062.110214715336,0.0,-42062.110214715336,0.0,5,car-train_2000_1000000_ss_0.001_bs_256_tu_500_e_0.01_rb_1000000_ar_5
0.001,256,500,0.01,2000000,5,,-42062.110214715336,,,,,,,,,-42062.110214715336,0.0,-42062.110214715336,0.0,5,car-train_2000_1000000_ss_0.001_bs_256_tu_500_e_0.01_rb_2000000_ar_5
0.001,256,500,0.1,1000000,3,,,,,,,,-42433.21191935742,,,-42433.21191935742,0.0,-42433.21191935742,0.0,5,car-train_8000_1000000_ss_0.001_bs_256_tu_500_e_0.1_rb_1000000_ar_3
0.001,256,500,0.1,2000000,3,,,,,,,,-42433.21191935742,,,-42433.21191935742,0.0,-42433.21191935742,0.0,5,car-train_8000_1000000_ss_0.001_bs_256_tu_500_e_0.1_rb_2000000_ar_3
0.001,128,500,0.1,1000000,5,,,-47749.35354429509,,,,-38955.7039944906,,,,-43352.52876939284,4396.824774902245,-47749.35354429509,4396.824774902245,6,car-train_3000_1000000_ss_0.001_bs_128_tu_500_e_0.1_rb_1000000_ar_5;car-train_7000_1000000_ss_0.001_bs_128_tu_500_e_0.1_rb_1000000_ar_5
0.0001,64,500,0.01,1000000,5,,,,,,,-43642.95626154411,,,,-43642.95626154411,0.0,-43642.95626154411,0.0,5,car-train_7000_1000000_ss_0.0001_bs_64_tu_500_e_0.01_rb_1000000_ar_5
0.0001,64,500,0.01,2000000,5,,,,,,,-43642.95626154411,,,,-43642.95626154411,0.0,-43642.95626154411,0.0,5,car-train_7000_1000000_ss_0.0001_bs_64_tu_500_e_0.01_rb_2000000_ar_5
0.001,128,1000,0.1,1000000,7,,-43887.65745034816,,,,,,,,,-43887.65745034816,0.0,-43887.65745034816,0.0,5,car-train_2000_1000000_ss_0.001_bs_128_tu_1000_e_0.1_rb_1000000_ar_7
0.001,128,1000,0.1,2000000,7,,-43887.65745034816,,,,,,,,,-43887.65745034816,0.0,-43887.65745034816,0.0,5,car-train_2000_1000000_ss_0.001_bs_128_tu_1000_e_0.1_rb_2000000_ar_7
0.01,64,500,0.01,1000000,7,,,,,,,,,-44084.80567363437,,-44084.80567363437,0.0,-44084.80567363437,0.0,5,car-train_9000_1000000_ss_0.01_bs_64_tu_500_e_0.01_rb_1000000_ar_7
0.01,64,500,0.01,2000000,7,,,,,,,,,-44084.80567363437,,-44084.80567363437,0.0,-44084.80567363437,0.0,5,car-train_9000_1000000_ss_0.01_bs_64_tu_500_e_0.01_rb_2000000_ar_7
0.01,128,1000,0.01,1000000,5,,,,,,,,,-44396.92841859832,,-44396.92841859832,0.0,-44396.92841859832,0.0,5,car-train_9000_1000000_ss_0.01_bs_128_tu_1000_e_0.01_rb_1000000_ar_5
0.01,128,1000,0.01,2000000,5,,,,,,,,,-44396.92841859832,,-44396.92841859832,0.0,-44396.92841859832,0.0,5,car-train_9000_1000000_ss_0.01_bs_128_tu_1000_e_0.01_rb_2000000_ar_5
0.01,256,1000,0.01,1000000,7,,,,,,,,,-44401.521962685896,,-44401.521962685896,0.0,-44401.521962685896,0.0,5,car-train_9000_1000000_ss_0.01_bs_256_tu_1000_e_0.01_rb_1000000_ar_7
0.01,256,1000,0.01,2000000,7,,,,,,,,,-44401.521962685896,,-44401.521962685896,0.0,-44401.521962685896,0.0,5,car-train_9000_1000000_ss_0.01_bs_256_tu_1000_e_0.01_rb_2000000_ar_7
0.0001,128,100,0.01,2000000,3,-44405.58192941868,,,,,,,,,,-44405.58192941868,0.0,-44405.58192941868,0.0,5,car-train_1000_1000000_ss_0.0001_bs_128_tu_100_e_0.01_rb_2000000_ar_3
0.0001,128,100,0.01,1000000,3,-44405.58192941868,,,,,,,,,,-44405.58192941868,0.0,-44405.58192941868,0.0,5,car-train_1000_1000000_ss_0.0001_bs_128_tu_100_e_0.01_rb_1000000_ar_3
0.01,256,500,0.1,2000000,7,,,,,-49296.09017136113,-40624.30513697845,,,,,-44960.197654169795,4335.89251719134,-49296.09017136113,4335.89251719134,6,car-train_5000_1000000_ss_0.01_bs_256_tu_500_e_0.1_rb_2000000_ar_7;car-train_6000_1000000_ss_0.01_bs_256_tu_500_e_0.1_rb_2000000_ar_7
0.01,256,500,0.1,1000000,7,,,,,-49296.09017136113,-40624.30513697845,,,,,-44960.197654169795,4335.89251719134,-49296.09017136113,4335.89251719134,6,car-train_5000_1000000_ss_0.01_bs_256_tu_500_e_0.1_rb_1000000_ar_7;car-train_6000_1000000_ss_0.01_bs_256_tu_500_e_0.1_rb_1000000_ar_7
0.01,256,100,0.1,1000000,3,,,-44979.87177711978,,,,,,,,-44979.87177711978,0.0,-44979.87177711978,0.0,5,car-train_3000_1000000_ss_0.01_bs_256_tu_100_e_0.1_rb_1000000_ar_3
0.01,256,100,0.1,2000000,3,,,-44979.87177711978,,,,,,,,-44979.87177711978,0.0,-44979.87177711978,0.0,5,car-train_3000_1000000_ss_0.01_bs_256_tu_100_e_0.1_rb_2000000_ar_3
0.01,256,500,0.01,2000000,7,,,,,,,-41354.79937972747,-48730.850774576356,,,-45042.82507715191,3688.025697424444,-48730.850774576356,3688.025697424444,6,car-train_7000_1000000_ss_0.01_bs_256_tu_500_e_0.01_rb_2000000_ar_7;car-train_8000_1000000_ss_0.01_bs_256_tu_500_e_0.01_rb_2000000_ar_7
0.01,64,1000,0.01,2000000,3,,,,-45103.04293622529,,,,,,,-45103.04293622529,0.0,-45103.04293622529,0.0,5,car-train_4000_1000000_ss_0.01_bs_64_tu_1000_e_0.01_rb_2000000_ar_3
0.01,64,1000,0.01,1000000,3,,,,-45103.04293622529,,,,,,,-45103.04293622529,0.0,-45103.04293622529,0.0,5,car-train_4000_1000000_ss_0.01_bs_64_tu_1000_e_0.01_rb_1000000_ar_3
0.001,64,500,0.01,1000000,5,,,-45458.62007410072,,,,,,,,-45458.62007410072,0.0,-45458.62007410072,0.0,5,car-train_3000_1000000_ss_0.001_bs_64_tu_500_e_0.01_rb_1000000_ar_5
0.001,64,500,0.01,2000000,5,,,-45458.62007410072,,,,,,,,-45458.62007410072,0.0,-45458.62007410072,0.0,5,car-train_3000_1000000_ss_0.001_bs_64_tu_500_e_0.01_rb_2000000_ar_5
0.001,64,500,0.1,1000000,5,,,,-46217.17784911722,,,,,,,-46217.17784911722,0.0,-46217.17784911722,0.0,5,car-train_4000_1000000_ss_0.001_bs_64_tu_500_e_0.1_rb_1000000_ar_5
0.001,64,500,0.1,2000000,5,,,,-46217.17784911722,,,,,,,-46217.17784911722,0.0,-46217.17784911722,0.0,5,car-train_4000_1000000_ss_0.001_bs_64_tu_500_e_0.1_rb_2000000_ar_5
0.01,256,500,0.1,2000000,3,,,,,,-46425.35570691249,,,,,-46425.35570691249,0.0,-46425.35570691249,0.0,5,car-train_6000_1000000_ss_0.01_bs_256_tu_500_e_0.1_rb_2000000_ar_3
0.01,256,500,0.1,1000000,3,,,,,,-46425.35570691249,,,,,-46425.35570691249,0.0,-46425.35570691249,0.0,5,car-train_6000_1000000_ss_0.01_bs_256_tu_500_e_0.1_rb_1000000_ar_3
0.001,64,1000,0.1,2000000,5,,,,,,,,,-46468.442027345285,,-46468.442027345285,0.0,-46468.442027345285,0.0,5,car-train_9000_1000000_ss_0.001_bs_64_tu_1000_e_0.1_rb_2000000_ar_5
0.001,256,1000,0.1,2000000,5,,,,,-46458.602333685136,-46840.75870605694,,,,,-46649.680519871035,191.07818618590318,-46840.75870605694,191.07818618590318,6,car-train_5000_1000000_ss_0.001_bs_256_tu_1000_e_0.1_rb_2000000_ar_5;car-train_6000_1000000_ss_0.001_bs_256_tu_1000_e_0.1_rb_2000000_ar_5
0.001,256,1000,0.1,1000000,5,,,,,-46458.602333685136,-46840.75870605694,,,,,-46649.680519871035,191.07818618590318,-46840.75870605694,191.07818618590318,6,car-train_5000_1000000_ss_0.001_bs_256_tu_1000_e_0.1_rb_1000000_ar_5;car-train_6000_1000000_ss_0.001_bs_256_tu_1000_e_0.1_rb_1000000_ar_5
0.001,256,500,0.1,1000000,7,,-45886.86994049561,,,,,,,,-47453.22198521776,-46670.04596285669,783.1760223610727,-47453.22198521776,783.1760223610727,6,car-train_10000_1000000_ss_0.001_bs_256_tu_500_e_0.1_rb_1000000_ar_7;car-train_2000_1000000_ss_0.001_bs_256_tu_500_e_0.1_rb_1000000_ar_7
0.001,256,500,0.1,2000000,7,,-45886.86994049561,,,,,,,,-47453.22198521776,-46670.04596285669,783.1760223610727,-47453.22198521776,783.1760223610727,6,car-train_10000_1000000_ss_0.001_bs_256_tu_500_e_0.1_rb_2000000_ar_7;car-train_2000_1000000_ss_0.001_bs_256_tu_500_e_0.1_rb_2000000_ar_7
0.01,256,500,0.01,1000000,5,,,,,,,,-46691.91859738602,,,-46691.91859738602,0.0,-46691.91859738602,0.0,5,car-train_8000_1000000_ss_0.01_bs_256_tu_500_e_0.01_rb_1000000_ar_5
0.01,256,500,0.01,2000000,5,,,,,,,,-46691.91859738602,,,-46691.91859738602,0.0,-46691.91859738602,0.0,5,car-train_8000_1000000_ss_0.01_bs_256_tu_500_e_0.01_rb_2000000_ar_5
0.001,256,100,0.1,2000000,7,,,,,,,-46563.056619168405,,,-46950.471086768135,-46756.76385296827,193.7072337998652,-46950.471086768135,193.7072337998652,6,car-train_10000_1000000_ss_0.001_bs_256_tu_100_e_0.1_rb_2000000_ar_7;car-train_7000_1000000_ss_0.001_bs_256_tu_100_e_0.1_rb_2000000_ar_7
0.0001,128,500,0.01,2000000,5,,,,,-46838.27182492296,,,,,,-46838.27182492296,0.0,-46838.27182492296,0.0,5,car-train_5000_1000000_ss_0.0001_bs_128_tu_500_e_0.01_rb_2000000_ar_5
0.0001,128,500,0.01,1000000,5,,,,,-46838.27182492296,,,,,,-46838.27182492296,0.0,-46838.27182492296,0.0,5,car-train_5000_1000000_ss_0.0001_bs_128_tu_500_e_0.01_rb_1000000_ar_5
0.001,256,1000,0.1,2000000,7,,-46848.88808473992,,,,,,,,,-46848.88808473992,0.0,-46848.88808473992,0.0,5,car-train_2000_1000000_ss_0.001_bs_256_tu_1000_e_0.1_rb_2000000_ar_7
0.001,256,1000,0.1,1000000,7,,-46848.88808473992,,,,,,,,,-46848.88808473992,0.0,-46848.88808473992,0.0,5,car-train_2000_1000000_ss_0.001_bs_256_tu_1000_e_0.1_rb_1000000_ar_7
0.001,256,1000,0.1,1000000,3,,,,,,-44478.14099925758,,,-49460.01387149604,,-46969.07743537681,2490.936436119231,-49460.01387149604,2490.936436119231,6,car-train_6000_1000000_ss_0.001_bs_256_tu_1000_e_0.1_rb_1000000_ar_3;car-train_9000_1000000_ss_0.001_bs_256_tu_1000_e_0.1_rb_1000000_ar_3
0.001,256,1000,0.1,2000000,3,,,,,,-44478.14099925758,,,-49460.01387149604,,-46969.07743537681,2490.936436119231,-49460.01387149604,2490.936436119231,6,car-train_6000_1000000_ss_0.001_bs_256_tu_1000_e_0.1_rb_2000000_ar_3;car-train_9000_1000000_ss_0.001_bs_256_tu_1000_e_0.1_rb_2000000_ar_3
0.0001,256,1000,0.1,2000000,3,,,,,,,,,,-47341.569036358356,-47341.569036358356,0.0,-47341.569036358356,0.0,5,car-train_10000_1000000_ss_0.0001_bs_256_tu_1000_e_0.1_rb_2000000_ar_3
0.0001,256,1000,0.1,1000000,3,,,,,,,,,,-47341.569036358356,-47341.569036358356,0.0,-47341.569036358356,0.0,5,car-train_10000_1000000_ss_0.0001_bs_256_tu_1000_e_0.1_rb_1000000_ar_3
0.001,128,100,0.01,2000000,7,,-47438.89014271426,,,,,,,,,-47438.89014271426,0.0,-47438.89014271426,0.0,5,car-train_2000_1000000_ss_0.001_bs_128_tu_100_e_0.01_rb_2000000_ar_7
0.001,256,500,0.1,2000000,5,,-49541.41902410815,,,,-45897.65097739989,,,,,-47719.535000754026,1821.8840233541305,-49541.41902410815,1821.8840233541305,6,car-train_2000_1000000_ss_0.001_bs_256_tu_500_e_0.1_rb_2000000_ar_5;car-train_6000_1000000_ss_0.001_bs_256_tu_500_e_0.1_rb_2000000_ar_5
0.001,256,500,0.1,1000000,5,,-49541.41902410815,,,,-45897.65097739989,,,,,-47719.535000754026,1821.8840233541305,-49541.41902410815,1821.8840233541305,6,car-train_2000_1000000_ss_0.001_bs_256_tu_500_e_0.1_rb_1000000_ar_5;car-train_6000_1000000_ss_0.001_bs_256_tu_500_e_0.1_rb_1000000_ar_5
0.001,64,500,0.1,1000000,7,,,-47790.84802389373,,,,,,,,-47790.84802389373,0.0,-47790.84802389373,0.0,5,car-train_3000_1000000_ss_0.001_bs_64_tu_500_e_0.1_rb_1000000_ar_7
0.01,128,500,0.1,2000000,5,,,,,,,-47840.63259577868,,,,-47840.63259577868,0.0,-47840.63259577868,0.0,5,car-train_7000_1000000_ss_0.01_bs_128_tu_500_e_0.1_rb_2000000_ar_5
0.01,256,1000,0.1,2000000,5,-47851.900417561665,,,,,,,,,,-47851.900417561665,0.0,-47851.900417561665,0.0,5,car-train_1000_1000000_ss_0.01_bs_256_tu_1000_e_0.1_rb_2000000_ar_5
0.01,256,1000,0.1,1000000,5,-47851.900417561665,,,,,,,,,,-47851.900417561665,0.0,-47851.900417561665,0.0,5,car-train_1000_1000000_ss_0.01_bs_256_tu_1000_e_0.1_rb_1000000_ar_5
0.01,128,1000,0.01,2000000,7,-47934.160609963095,,,,,,,,,,-47934.160609963095,0.0,-47934.160609963095,0.0,5,car-train_1000_1000000_ss_0.01_bs_128_tu_1000_e_0.01_rb_2000000_ar_7
0.001,256,100,0.1,1000000,7,,,-49407.17455156162,,,,-46563.056619168405,,,,-47985.11558536501,1422.0589661966078,-49407.17455156162,1422.0589661966078,6,car-train_3000_1000000_ss_0.001_bs_256_tu_100_e_0.1_rb_1000000_ar_7;car-train_7000_1000000_ss_0.001_bs_256_tu_100_e_0.1_rb_1000000_ar_7
0.01,256,1000,0.01,1000000,5,,,-46366.532506819894,,,,,-49815.48019142597,,,-48091.00634912294,1724.4738423030394,-49815.48019142597,1724.4738423030394,6,car-train_3000_1000000_ss_0.01_bs_256_tu_1000_e_0.01_rb_1000000_ar_5;car-train_8000_1000000_ss_0.01_bs_256_tu_1000_e_0.01_rb_1000000_ar_5
0.01,256,1000,0.01,2000000,5,,,-46366.532506819894,,,,,-49815.48019142597,,,-48091.00634912294,1724.4738423030394,-49815.48019142597,1724.4738423030394,6,car-train_3000_1000000_ss_0.01_bs_256_tu_1000_e_0.01_rb_2000000_ar_5;car-train_8000_1000000_ss_0.01_bs_256_tu_1000_e_0.01_rb_2000000_ar_5
0.01,128,100,0.01,1000000,5,,,,-48296.27536605284,,,,,,,-48296.27536605284,0.0,-48296.27536605284,0.0,5,car-train_4000_1000000_ss_0.01_bs_128_tu_100_e_0.01_rb_1000000_ar_5
0.01,128,100,0.01,2000000,5,,,,-48296.27536605284,,,,,,,-48296.27536605284,0.0,-48296.27536605284,0.0,5,car-train_4000_1000000_ss_0.01_bs_128_tu_100_e_0.01_rb_2000000_ar_5
0.01,256,100,0.01,2000000,7,,,-48319.51300920712,,,,,,,,-48319.51300920712,0.0,-48319.51300920712,0.0,5,car-train_3000_1000000_ss_0.01_bs_256_tu_100_e_0.01_rb_2000000_ar_7
0.01,256,100,0.01,1000000,7,,,-48319.51300920712,,,,,,,,-48319.51300920712,0.0,-48319.51300920712,0.0,5,car-train_3000_1000000_ss_0.01_bs_256_tu_100_e_0.01_rb_1000000_ar_7
0.01,64,500,0.01,1000000,3,-50313.73414265025,,,-46366.00708106836,,,,,,,-48339.87061185931,1973.8635307909462,-50313.73414265025,1973.8635307909462,6,car-train_1000_1000000_ss_0.01_bs_64_tu_500_e_0.01_rb_1000000_ar_3;car-train_4000_1000000_ss_0.01_bs_64_tu_500_e_0.01_rb_1000000_ar_3
0.001,128,1000,0.1,2000000,5,,,,,-48362.10863769743,,,,,,-48362.10863769743,0.0,-48362.10863769743,0.0,5,car-train_5000_1000000_ss_0.001_bs_128_tu_1000_e_0.1_rb_2000000_ar_5
0.001,128,1000,0.1,1000000,5,,,,,-48362.10863769743,,,,,,-48362.10863769743,0.0,-48362.10863769743,0.0,5,car-train_5000_1000000_ss_0.001_bs_128_tu_1000_e_0.1_rb_1000000_ar_5
0.0001,128,500,0.1,2000000,3,-48405.730494486255,,,,,,,,,,-48405.730494486255,0.0,-48405.730494486255,0.0,5,car-train_1000_1000000_ss_0.0001_bs_128_tu_500_e_0.1_rb_2000000_ar_3
0.0001,128,500,0.1,1000000,3,-48405.730494486255,,,,,,,,,,-48405.730494486255,0.0,-48405.730494486255,0.0,5,car-train_1000_1000000_ss_0.0001_bs_128_tu_500_e_0.1_rb_1000000_ar_3
0.0001,128,1000,0.01,1000000,3,,,,,-48406.82968525939,,,,,,-48406.82968525939,0.0,-48406.82968525939,0.0,5,car-train_5000_1000000_ss_0.0001_bs_128_tu_1000_e_0.01_rb_1000000_ar_3
0.0001,128,1000,0.01,2000000,3,,,,,-48406.82968525939,,,,,,-48406.82968525939,0.0,-48406.82968525939,0.0,5,car-train_5000_1000000_ss_0.0001_bs_128_tu_1000_e_0.01_rb_2000000_ar_3
0.01,256,1000,0.1,1000000,3,,,-49090.69168952277,,-47723.96604752733,,,,,,-48407.328868525045,683.3628209977214,-49090.69168952277,683.3628209977214,6,car-train_3000_1000000_ss_0.01_bs_256_tu_1000_e_0.1_rb_1000000_ar_3;car-train_5000_1000000_ss_0.01_bs_256_tu_1000_e_0.1_rb_1000000_ar_3
0.01,256,1000,0.1,2000000,3,,,-49090.69168952277,,-47723.96604752733,,,,,,-48407.328868525045,683.3628209977214,-49090.69168952277,683.3628209977214,6,car-train_3000_1000000_ss_0.01_bs_256_tu_1000_e_0.1_rb_2000000_ar_3;car-train_5000_1000000_ss_0.01_bs_256_tu_1000_e_0.1_rb_2000000_ar_3
0.001,64,100,0.1,2000000,7,,,,,,,-48475.995343996285,,,,-48475.995343996285,0.0,-48475.995343996285,0.0,5,car-train_7000_1000000_ss_0.001_bs_64_tu_100_e_0.1_rb_2000000_ar_7
0.001,64,100,0.1,1000000,7,,,,,,,-48475.995343996285,,,,-48475.995343996285,0.0,-48475.995343996285,0.0,5,car-train_7000_1000000_ss_0.001_bs_64_tu_100_e_0.1_rb_1000000_ar_7
0.0001,64,500,0.01,1000000,3,,,,,-48515.854427902465,,,,,,-48515.854427902465,0.0,-48515.854427902465,0.0,5,car-train_5000_1000000_ss_0.0001_bs_64_tu_500_e_0.01_rb_1000000_ar_3
0.001,128,500,0.1,2000000,5,,,-47749.35354429509,,-49407.63942100467,,,,,,-48578.496482649876,829.1429383547911,-49407.63942100467,829.1429383547911,6,car-train_3000_1000000_ss_0.001_bs_128_tu_500_e_0.1_rb_2000000_ar_5;car-train_5000_1000000_ss_0.001_bs_128_tu_500_e_0.1_rb_2000000_ar_5
0.01,256,100,0.01,1000000,3,,,-47054.08779829724,,,,,-50153.79637641062,,,-48603.94208735393,1549.8542890566896,-50153.79637641062,1549.8542890566896,6,car-train_3000_1000000_ss_0.01_bs_256_tu_100_e_0.01_rb_1000000_ar_3;car-train_8000_1000000_ss_0.01_bs_256_tu_100_e_0.01_rb_1000000_ar_3
0.01,256,100,0.01,2000000,3,,,-47054.08779829724,,,,,-50153.79637641062,,,-48603.94208735393,1549.8542890566896,-50153.79637641062,1549.8542890566896,6,car-train_3000_1000000_ss_0.01_bs_256_tu_100_e_0.01_rb_2000000_ar_3;car-train_8000_1000000_ss_0.01_bs_256_tu_100_e_0.01_rb_2000000_ar_3
0.01,64,500,0.01,2000000,5,,,,,,-48660.25638083135,,,,,-48660.25638083135,0.0,-48660.25638083135,0.0,5,car-train_6000_1000000_ss_0.01_bs_64_tu_500_e_0.01_rb_2000000_ar_5
0.01,64,500,0.1,1000000,7,,,,,-48722.69784278713,,,,,,-48722.69784278713,0.0,-48722.69784278713,0.0,5,car-train_5000_1000000_ss_0.01_bs_64_tu_500_e_0.1_rb_1000000_ar_7
0.001,128,100,0.1,2000000,7,,,,,,,,,,-48723.719356909074,-48723.719356909074,0.0,-48723.719356909074,0.0,5,car-train_10000_1000000_ss_0.001_bs_128_tu_100_e_0.1_rb_2000000_ar_7
0.001,128,100,0.1,1000000,7,,,,,,,,,,-48723.719356909074,-48723.719356909074,0.0,-48723.719356909074,0.0,5,car-train_10000_1000000_ss_0.001_bs_128_tu_100_e_0.1_rb_1000000_ar_7
0.01,128,500,0.1,1000000,5,,-49746.81491497741,,,,,-47840.63259577868,,,,-48793.72375537804,953.0911595993639,-49746.81491497741,953.0911595993639,6,car-train_2000_1000000_ss_0.01_bs_128_tu_500_e_0.1_rb_1000000_ar_5;car-train_7000_1000000_ss_0.01_bs_128_tu_500_e_0.1_rb_1000000_ar_5
0.01,128,500,0.01,2000000,7,-49037.93606480701,,,,,,,,-48619.901129595026,,-48828.91859720102,209.01746760599053,-49037.93606480701,209.01746760599053,6,car-train_1000_1000000_ss_0.01_bs_128_tu_500_e_0.01_rb_2000000_ar_7;car-train_9000_1000000_ss_0.01_bs_128_tu_500_e_0.01_rb_2000000_ar_7
0.01,128,500,0.01,1000000,7,-49037.93606480701,,,,,,,,-48619.901129595026,,-48828.91859720102,209.01746760599053,-49037.93606480701,209.01746760599053,6,car-train_1000_1000000_ss_0.01_bs_128_tu_500_e_0.01_rb_1000000_ar_7;car-train_9000_1000000_ss_0.01_bs_128_tu_500_e_0.01_rb_1000000_ar_7
0.01,128,100,0.1,1000000,5,-48842.1816799056,,,,,,,,,,-48842.1816799056,0.0,-48842.1816799056,0.0,5,car-train_1000_1000000_ss_0.01_bs_128_tu_100_e_0.1_rb_1000000_ar_5
0.01,128,100,0.1,2000000,5,-48842.1816799056,,,,,,,,,,-48842.1816799056,0.0,-48842.1816799056,0.0,5,car-train_1000_1000000_ss_0.01_bs_128_tu_100_e_0.1_rb_2000000_ar_5
0.001,128,100,0.1,2000000,5,,-48348.635863016214,,,-49467.021947373534,,,,,,-48907.828905194874,559.1930421786601,-49467.021947373534,559.1930421786601,6,car-train_2000_1000000_ss_0.001_bs_128_tu_100_e_0.1_rb_2000000_ar_5;car-train_5000_1000000_ss_0.001_bs_128_tu_100_e_0.1_rb_2000000_ar_5
0.001,128,100,0.1,1000000,5,,-48348.635863016214,,,-49467.021947373534,,,,,,-48907.828905194874,559.1930421786601,-49467.021947373534,559.1930421786601,6,car-train_2000_1000000_ss_0.001_bs_128_tu_100_e_0.1_rb_1000000_ar_5;car-train_5000_1000000_ss_0.001_bs_128_tu_100_e_0.1_rb_1000000_ar_5
0.01,64,1000,0.01,1000000,5,,,,,,-48929.35005063261,,,,,-48929.35005063261,0.0,-48929.35005063261,0.0,5,car-train_6000_1000000_ss_0.01_bs_64_tu_1000_e_0.01_rb_1000000_ar_5
0.01,64,1000,0.01,2000000,5,,,,,,-48929.35005063261,,,,,-48929.35005063261,0.0,-48929.35005063261,0.0,5,car-train_6000_1000000_ss_0.01_bs_64_tu_1000_e_0.01_rb_2000000_ar_5
0.01,256,500,0.01,1000000,7,,,,,,,,-48730.850774576356,,-49408.673501539386,-49069.76213805787,338.91136348151485,-49408.673501539386,338.91136348151485,6,car-train_10000_1000000_ss_0.01_bs_256_tu_500_e_0.01_rb_1000000_ar_7;car-train_8000_1000000_ss_0.01_bs_256_tu_500_e_0.01_rb_1000000_ar_7
0.01,128,1000,0.01,1000000,7,-47934.160609963095,,,,,,,-50220.46553106335,,,-49077.31307051322,1143.152460550129,-50220.46553106335,1143.152460550129,6,car-train_1000_1000000_ss_0.01_bs_128_tu_1000_e_0.01_rb_1000000_ar_7;car-train_8000_1000000_ss_0.01_bs_128_tu_1000_e_0.01_rb_1000000_ar_7
0.01,128,1000,0.1,2000000,3,,-48713.226308496945,-49562.365497301646,,,,,,,,-49137.79590289929,424.56959440235005,-49562.365497301646,424.56959440235005,6,car-train_2000_1000000_ss_0.01_bs_128_tu_1000_e_0.1_rb_2000000_ar_3;car-train_3000_1000000_ss_0.01_bs_128_tu_1000_e_0.1_rb_2000000_ar_3
0.01,128,1000,0.1,1000000,3,,-48713.226308496945,-49562.365497301646,,,,,,,,-49137.79590289929,424.56959440235005,-49562.365497301646,424.56959440235005,6,car-train_2000_1000000_ss_0.01_bs_128_tu_1000_e_0.1_rb_1000000_ar_3;car-train_3000_1000000_ss_0.01_bs_128_tu_1000_e_0.1_rb_1000000_ar_3
0.001,128,500,0.1,1000000,7,,-48904.485514066364,,,,,,-49387.82813070989,,,-49146.156822388126,241.6713083217619,-49387.82813070989,241.6713083217619,6,car-train_2000_1000000_ss_0.001_bs_128_tu_500_e_0.1_rb_1000000_ar_7;car-train_8000_1000000_ss_0.001_bs_128_tu_500_e_0.1_rb_1000000_ar_7
0.001,128,500,0.1,2000000,7,,-48904.485514066364,,,,,,-49387.82813070989,,,-49146.156822388126,241.6713083217619,-49387.82813070989,241.6713083217619,6,car-train_2000_1000000_ss_0.001_bs_128_tu_500_e_0.1_rb_2000000_ar_7;car-train_8000_1000000_ss_0.001_bs_128_tu_500_e_0.1_rb_2000000_ar_7
0.001,64,1000,0.1,1000000,7,,,-49350.616288373436,,,,,,,,-49350.616288373436,0.0,-49350.616288373436,0.0,5,car-train_3000_1000000_ss_0.001_bs_64_tu_1000_e_0.1_rb_1000000_ar_7
0.001,64,1000,0.1,2000000,7,,,-49350.616288373436,,,,,,,,-49350.616288373436,0.0,-49350.616288373436,0.0,5,car-train_3000_1000000_ss_0.001_bs_64_tu_1000_e_0.1_rb_2000000_ar_7
0.01,256,1000,0.01,1000000,3,,,,-49359.25968951869,,,,,,,-49359.25968951869,0.0,-49359.25968951869,0.0,5,car-train_4000_1000000_ss_0.01_bs_256_tu_1000_e_0.01_rb_1000000_ar_3
0.01,256,1000,0.01,2000000,3,,,,-49359.25968951869,,,,,,,-49359.25968951869,0.0,-49359.25968951869,0.0,5,car-train_4000_1000000_ss_0.01_bs_256_tu_1000_e_0.01_rb_2000000_ar_3
0.01,128,500,0.01,2000000,5,,,,,,-49308.99019877217,,-49781.51252895016,,,-49545.25136386116,236.26116508899577,-49781.51252895016,236.26116508899577,6,car-train_6000_1000000_ss_0.01_bs_128_tu_500_e_0.01_rb_2000000_ar_5;car-train_8000_1000000_ss_0.01_bs_128_tu_500_e_0.01_rb_2000000_ar_5
0.01,128,500,0.01,1000000,5,,,,,,-49308.99019877217,,-49781.51252895016,,,-49545.25136386116,236.26116508899577,-49781.51252895016,236.26116508899577,6,car-train_6000_1000000_ss_0.01_bs_128_tu_500_e_0.01_rb_1000000_ar_5;car-train_8000_1000000_ss_0.01_bs_128_tu_500_e_0.01_rb_1000000_ar_5
0.001,64,100,0.1,1000000,5,,,,,-50047.338479052916,,-49045.51534272215,,,,-49546.42691088753,500.91156816538205,-50047.338479052916,500.91156816538205,6,car-train_5000_1000000_ss_0.001_bs_64_tu_100_e_0.1_rb_1000000_ar_5;car-train_7000_1000000_ss_0.001_bs_64_tu_100_e_0.1_rb_1000000_ar_5
0.01,64,500,0.01,2000000,3,-50313.73414265025,-48812.0992338065,,,,,,,,,-49562.916688228375,750.8174544218782,-50313.73414265025,750.8174544218782,6,car-train_1000_1000000_ss_0.01_bs_64_tu_500_e_0.01_rb_2000000_ar_3;car-train_2000_1000000_ss_0.01_bs_64_tu_500_e_0.01_rb_2000000_ar_3
0.01,64,1000,0.1,2000000,3,,-49586.12495104915,,,,,,,,,-49586.12495104915,0.0,-49586.12495104915,0.0,5,car-train_2000_1000000_ss_0.01_bs_64_tu_1000_e_0.1_rb_2000000_ar_3
0.01,64,1000,0.1,1000000,3,,-49586.12495104915,,,,,,,,,-49586.12495104915,0.0,-49586.12495104915,0.0,5,car-train_2000_1000000_ss_0.01_bs_64_tu_1000_e_0.1_rb_1000000_ar_3
0.01,64,1000,0.1,2000000,5,,,,-49639.57570917465,,,,,,,-49639.57570917465,0.0,-49639.57570917465,0.0,5,car-train_4000_1000000_ss_0.01_bs_64_tu_1000_e_0.1_rb_2000000_ar_5
0.01,64,1000,0.1,1000000,5,,,,-49639.57570917465,,,,,,,-49639.57570917465,0.0,-49639.57570917465,0.0,5,car-train_4000_1000000_ss_0.01_bs_64_tu_1000_e_0.1_rb_1000000_ar_5
0.001,256,100,0.1,2000000,5,,,,,,,-49169.59345639753,,,-50122.16145613709,-49645.877456267306,476.2839998697782,-50122.16145613709,476.2839998697782,6,car-train_10000_1000000_ss_0.001_bs_256_tu_100_e_0.1_rb_2000000_ar_5;car-train_7000_1000000_ss_0.001_bs_256_tu_100_e_0.1_rb_2000000_ar_5
0.001,256,100,0.1,1000000,5,,,,,,,-49169.59345639753,,,-50122.16145613709,-49645.877456267306,476.2839998697782,-50122.16145613709,476.2839998697782,6,car-train_10000_1000000_ss_0.001_bs_256_tu_100_e_0.1_rb_1000000_ar_5;car-train_7000_1000000_ss_0.001_bs_256_tu_100_e_0.1_rb_1000000_ar_5
0.0001,64,1000,0.01,2000000,5,,,,,-49659.99353112887,,,,,,-49659.99353112887,0.0,-49659.99353112887,0.0,5,car-train_5000_1000000_ss_0.0001_bs_64_tu_1000_e_0.01_rb_2000000_ar_5
0.0001,64,1000,0.01,1000000,5,,,,,-49659.99353112887,,,,,,-49659.99353112887,0.0,-49659.99353112887,0.0,5,car-train_5000_1000000_ss_0.0001_bs_64_tu_1000_e_0.01_rb_1000000_ar_5
0.01,128,100,0.01,2000000,3,,,,,,,,,-49681.81925664935,,-49681.81925664935,0.0,-49681.81925664935,0.0,5,car-train_9000_1000000_ss_0.01_bs_128_tu_100_e_0.01_rb_2000000_ar_3
0.01,128,100,0.01,1000000,3,,,,,,,,,-49681.81925664935,,-49681.81925664935,0.0,-49681.81925664935,0.0,5,car-train_9000_1000000_ss_0.01_bs_128_tu_100_e_0.01_rb_1000000_ar_3
0.01,128,1000,0.1,2000000,7,,,,,,,,-49516.21767172859,,-50158.503655043525,-49837.36066338606,321.14299165746706,-50158.503655043525,321.14299165746706,6,car-train_10000_1000000_ss_0.01_bs_128_tu_1000_e_0.1_rb_2000000_ar_7;car-train_8000_1000000_ss_0.01_bs_128_tu_1000_e_0.1_rb_2000000_ar_7
0.01,128,1000,0.1,1000000,7,,,,,,,,-49516.21767172859,,-50158.503655043525,-49837.36066338606,321.14299165746706,-50158.503655043525,321.14299165746706,6,car-train_10000_1000000_ss_0.01_bs_128_tu_1000_e_0.1_rb_1000000_ar_7;car-train_8000_1000000_ss_0.01_bs_128_tu_1000_e_0.1_rb_1000000_ar_7
0.01,128,500,0.1,1000000,7,,,,,,-50335.83454353473,,,-49342.674858443126,,-49839.254700988924,496.5798425458015,-50335.83454353473,496.5798425458015,6,car-train_6000_1000000_ss_0.01_bs_128_tu_500_e_0.1_rb_1000000_ar_7;car-train_9000_1000000_ss_0.01_bs_128_tu_500_e_0.1_rb_1000000_ar_7
0.01,256,500,0.1,2000000,5,,,-49804.42282840784,-49916.30902696507,,,,,,,-49860.36592768646,55.94309927861468,-49916.30902696507,55.94309927861468,6,car-train_3000_1000000_ss_0.01_bs_256_tu_500_e_0.1_rb_2000000_ar_5;car-train_4000_1000000_ss_0.01_bs_256_tu_500_e_0.1_rb_2000000_ar_5
0.01,256,500,0.1,1000000,5,,,-49804.42282840784,-49916.30902696507,,,,,,,-49860.36592768646,55.94309927861468,-49916.30902696507,55.94309927861468,6,car-train_3000_1000000_ss_0.01_bs_256_tu_500_e_0.1_rb_1000000_ar_5;car-train_4000_1000000_ss_0.01_bs_256_tu_500_e_0.1_rb_1000000_ar_5
0.0001,256,100,0.1,2000000,5,,,,,,,,-49911.17614667179,,,-49911.17614667179,0.0,-49911.17614667179,0.0,5,car-train_8000_1000000_ss_0.0001_bs_256_tu_100_e_0.1_rb_2000000_ar_5
0.0001,256,100,0.1,1000000,5,,,,,,,,-49911.17614667179,,,-49911.17614667179,0.0,-49911.17614667179,0.0,5,car-train_8000_1000000_ss_0.0001_bs_256_tu_100_e_0.1_rb_1000000_ar_5
0.001,128,500,0.01,1000000,5,,,-49949.38381946953,,,,,,,,-49949.38381946953,0.0,-49949.38381946953,0.0,5,car-train_3000_1000000_ss_0.001_bs_128_tu_500_e_0.01_rb_1000000_ar_5
0.001,128,500,0.01,2000000,5,,,-49949.38381946953,,,,,,,,-49949.38381946953,0.0,-49949.38381946953,0.0,5,car-train_3000_1000000_ss_0.001_bs_128_tu_500_e_0.01_rb_2000000_ar_5
0.01,256,100,0.1,1000000,5,,,,,,-49950.17341604194,-50049.86653734163,,,,-50000.01997669178,49.84656064984665,-50049.86653734163,49.84656064984665,6,car-train_6000_1000000_ss_0.01_bs_256_tu_100_e_0.1_rb_1000000_ar_5;car-train_7000_1000000_ss_0.01_bs_256_tu_100_e_0.1_rb_1000000_ar_5
0.01,256,100,0.1,2000000,5,,,,,,-49950.17341604194,-50049.86653734163,,,,-50000.01997669178,49.84656064984665,-50049.86653734163,49.84656064984665,6,car-train_6000_1000000_ss_0.01_bs_256_tu_100_e_0.1_rb_2000000_ar_5;car-train_7000_1000000_ss_0.01_bs_256_tu_100_e_0.1_rb_2000000_ar_5
0.001,64,100,0.1,2000000,5,,,,,-50047.338479052916,,,,,,-50047.338479052916,0.0,-50047.338479052916,0.0,5,car-train_5000_1000000_ss_0.001_bs_64_tu_100_e_0.1_rb_2000000_ar_5
0.01,256,1000,0.1,1000000,7,-50069.96027278797,,,,,,,,,,-50069.96027278797,0.0,-50069.96027278797,0.0,5,car-train_1000_1000000_ss_0.01_bs_256_tu_1000_e_0.1_rb_1000000_ar_7
0.01,256,1000,0.1,2000000,7,-50069.96027278797,,,,,,,,,,-50069.96027278797,0.0,-50069.96027278797,0.0,5,car-train_1000_1000000_ss_0.01_bs_256_tu_1000_e_0.1_rb_2000000_ar_7
0.01,64,100,0.1,2000000,3,,,-50110.28357418081,,,,,,,,-50110.28357418081,0.0,-50110.28357418081,0.0,5,car-train_3000_1000000_ss_0.01_bs_64_tu_100_e_0.1_rb_2000000_ar_3
0.01,64,100,0.01,2000000,3,,-50995.38013387562,,,-49263.808139230045,,,,,,-50129.59413655283,865.785997322786,-50995.38013387562,865.785997322786,6,car-train_2000_1000000_ss_0.01_bs_64_tu_100_e_0.01_rb_2000000_ar_3;car-train_5000_1000000_ss_0.01_bs_64_tu_100_e_0.01_rb_2000000_ar_3
0.01,64,100,0.1,1000000,3,,,-50110.28357418081,,,,-50161.53371473957,,,,-50135.908644460185,25.625070279380452,-50161.53371473957,25.625070279380452,6,car-train_3000_1000000_ss_0.01_bs_64_tu_100_e_0.1_rb_1000000_ar_3;car-train_7000_1000000_ss_0.01_bs_64_tu_100_e_0.1_rb_1000000_ar_3
0.01,128,100,0.1,2000000,3,,,,,-50164.13707063904,,,,,,-50164.13707063904,0.0,-50164.13707063904,0.0,5,car-train_5000_1000000_ss_0.01_bs_128_tu_100_e_0.1_rb_2000000_ar_3
0.01,128,100,0.1,1000000,3,,,,,-50164.13707063904,,,,,,-50164.13707063904,0.0,-50164.13707063904,0.0,5,car-train_5000_1000000_ss_0.01_bs_128_tu_100_e_0.1_rb_1000000_ar_3
0.0001,256,500,0.1,2000000,5,,,-50181.10248572398,,,,,,,,-50181.10248572398,0.0,-50181.10248572398,0.0,5,car-train_3000_1000000_ss_0.0001_bs_256_tu_500_e_0.1_rb_2000000_ar_5
0.0001,256,500,0.1,1000000,5,,,-50181.10248572398,,,,,,,,-50181.10248572398,0.0,-50181.10248572398,0.0,5,car-train_3000_1000000_ss_0.0001_bs_256_tu_500_e_0.1_rb_1000000_ar_5
0.01,256,100,0.1,1000000,7,,,,,,,,,,-50191.68612937158,-50191.68612937158,0.0,-50191.68612937158,0.0,5,car-train_10000_1000000_ss_0.01_bs_256_tu_100_e_0.1_rb_1000000_ar_7
0.01,256,100,0.1,2000000,7,,,,,,,,,,-50191.68612937158,-50191.68612937158,0.0,-50191.68612937158,0.0,5,car-train_10000_1000000_ss_0.01_bs_256_tu_100_e_0.1_rb_2000000_ar_7
0.0001,64,100,0.01,2000000,7,,,,-50256.88283644957,,,,,,,-50256.88283644957,0.0,-50256.88283644957,0.0,5,car-train_4000_1000000_ss_0.0001_bs_64_tu_100_e_0.01_rb_2000000_ar_7
0.0001,64,100,0.01,1000000,7,,,,-50256.88283644957,,,,,,,-50256.88283644957,0.0,-50256.88283644957,0.0,5,car-train_4000_1000000_ss_0.0001_bs_64_tu_100_e_0.01_rb_1000000_ar_7
0.01,64,500,0.1,1000000,3,,,,,-50292.254305312206,,,,,,-50292.254305312206,0.0,-50292.254305312206,0.0,5,car-train_5000_1000000_ss_0.01_bs_64_tu_500_e_0.1_rb_1000000_ar_3
0.01,64,500,0.1,2000000,3,,,,,-50292.254305312206,,,,,,-50292.254305312206,0.0,-50292.254305312206,0.0,5,car-train_5000_1000000_ss_0.01_bs_64_tu_500_e_0.1_rb_2000000_ar_3
0.01,64,1000,0.01,1000000,7,,,,,-50011.1284820032,-50619.41340693387,,,,,-50315.27094446853,304.14246246533367,-50619.41340693387,304.14246246533367,6,car-train_5000_1000000_ss_0.01_bs_64_tu_1000_e_0.01_rb_1000000_ar_7;car-train_6000_1000000_ss_0.01_bs_64_tu_1000_e_0.01_rb_1000000_ar_7
0.01,64,1000,0.01,2000000,7,,,,,-50011.1284820032,-50619.41340693387,,,,,-50315.27094446853,304.14246246533367,-50619.41340693387,304.14246246533367,6,car-train_5000_1000000_ss_0.01_bs_64_tu_1000_e_0.01_rb_2000000_ar_7;car-train_6000_1000000_ss_0.01_bs_64_tu_1000_e_0.01_rb_2000000_ar_7
0.01,128,500,0.1,2000000,7,,,,,,-50335.83454353473,,,,,-50335.83454353473,0.0,-50335.83454353473,0.0,5,car-train_6000_1000000_ss_0.01_bs_128_tu_500_e_0.1_rb_2000000_ar_7
0.0001,64,100,0.1,2000000,5,,,-50344.75128374247,,,,,,,,-50344.75128374247,0.0,-50344.75128374247,0.0,5,car-train_3000_1000000_ss_0.0001_bs_64_tu_100_e_0.1_rb_2000000_ar_5
0.01,128,500,0.1,1000000,3,,,,-50838.40004129713,,,-50093.05630134252,,,,-50465.728171319824,372.6718699773046,-50838.40004129713,372.6718699773046,6,car-train_4000_1000000_ss_0.01_bs_128_tu_500_e_0.1_rb_1000000_ar_3;car-train_7000_1000000_ss_0.01_bs_128_tu_500_e_0.1_rb_1000000_ar_3
0.01,128,500,0.1,2000000,3,,,,-50838.40004129713,,,-50093.05630134252,,,,-50465.728171319824,372.6718699773046,-50838.40004129713,372.6718699773046,6,car-train_4000_1000000_ss_0.01_bs_128_tu_500_e_0.1_rb_2000000_ar_3;car-train_7000_1000000_ss_0.01_bs_128_tu_500_e_0.1_rb_2000000_ar_3
0.0001,64,100,0.01,1000000,5,,,,,,,,,,-50497.01754697633,-50497.01754697633,0.0,-50497.01754697633,0.0,5,car-train_10000_1000000_ss_0.0001_bs_64_tu_100_e_0.01_rb_1000000_ar_5
0.0001,64,100,0.01,2000000,5,,,,,,,,,,-50497.01754697633,-50497.01754697633,0.0,-50497.01754697633,0.0,5,car-train_10000_1000000_ss_0.0001_bs_64_tu_100_e_0.01_rb_2000000_ar_5
0.01,128,1000,0.01,1000000,3,-50485.31399623682,,,,,,-50596.66955070845,,,,-50540.99177347263,55.677777235814574,-50596.66955070845,55.677777235814574,6,car-train_1000_1000000_ss_0.01_bs_128_tu_1000_e_0.01_rb_1000000_ar_3;car-train_7000_1000000_ss_0.01_bs_128_tu_1000_e_0.01_rb_1000000_ar_3
0.01,128,1000,0.01,2000000,3,-50485.31399623682,,,,,,-50596.66955070845,,,,-50540.99177347263,55.677777235814574,-50596.66955070845,55.677777235814574,6,car-train_1000_1000000_ss_0.01_bs_128_tu_1000_e_0.01_rb_2000000_ar_3;car-train_7000_1000000_ss_0.01_bs_128_tu_1000_e_0.01_rb_2000000_ar_3
0.0001,256,1000,0.1,1000000,7,,-50651.374913074425,,,,,,,,,-50651.374913074425,0.0,-50651.374913074425,0.0,5,car-train_2000_1000000_ss_0.0001_bs_256_tu_1000_e_0.1_rb_1000000_ar_7
0.01,256,100,0.01,1000000,5,,,,,,,,,-50683.76874894692,,-50683.76874894692,0.0,-50683.76874894692,0.0,5,car-train_9000_1000000_ss_0.01_bs_256_tu_100_e_0.01_rb_1000000_ar_5
0.01,256,100,0.01,2000000,5,,,,,,,,,-50683.76874894692,,-50683.76874894692,0.0,-50683.76874894692,0.0,5,car-train_9000_1000000_ss_0.01_bs_256_tu_100_e_0.01_rb_2000000_ar_5
0.01,64,500,0.1,2000000,5,-50730.37324008555,,,,,,,,,,-50730.37324008555,0.0,-50730.37324008555,0.0,5,car-train_1000_1000000_ss_0.01_bs_64_tu_500_e_0.1_rb_2000000_ar_5
0.01,64,500,0.1,1000000,5,-50730.37324008555,,,,,,,,,,-50730.37324008555,0.0,-50730.37324008555,0.0,5,car-train_1000_1000000_ss_0.01_bs_64_tu_500_e_0.1_rb_1000000_ar_5
0.01,64,100,0.01,1000000,7,,,,,,-50956.97149466654,,,,,-50956.97149466654,0.0,-50956.97149466654,0.0,5,car-train_6000_1000000_ss_0.01_bs_64_tu_100_e_0.01_rb_1000000_ar_7
0.01,64,100,0.01,1000000,3,,-50995.38013387562,,,,,,,,,-50995.38013387562,0.0,-50995.38013387562,0.0,5,car-train_2000_1000000_ss_0.01_bs_64_tu_100_e_0.01_rb_1000000_ar_3
0.0001,128,1000,0.1,2000000,3,-51012.9039824949,,,,,,,,,,-51012.9039824949,0.0,-51012.9039824949,0.0,5,car-train_1000_1000000_ss_0.0001_bs_128_tu_1000_e_0.1_rb_2000000_ar_3
0.0001,128,1000,0.1,1000000,3,-51012.9039824949,,,,,,,,,,-51012.9039824949,0.0,-51012.9039824949,0.0,5,car-train_1000_1000000_ss_0.0001_bs_128_tu_1000_e_0.1_rb_1000000_ar_3
0.01,64,100,0.01,2000000,7,,-51100.426847399234,,,,,,,,,-51100.426847399234,0.0,-51100.426847399234,0.0,5,car-train_2000_1000000_ss_0.01_bs_64_tu_100_e_0.01_rb_2000000_ar_7
