actor_lr,critic_lr,buf_size,batch_size,ou_theta,ou_sigma,auc_seed_1000,auc_seed_2000,auc_seed_3000,auc_seed_4000,auc_seed_5000,auc_seed_6000,auc_seed_7000,auc_seed_8000,auc_seed_9000,auc_seed_10000,mean_auc,std_auc,min_auc,max_auc,n_seeds,file_name
0.0001,0.0001,1000000,64,0.15,0.1,,,,,,,,,,-50063.55445327484,-50063.55445327484,0.0,-50063.55445327484,0.0,5,car-train_10000_2000000_al_0.0001_cl_0.0001_buf_1000000_bs_64_th_0.15_sig_0.1
0.0001,0.001,1000000,64,0.2,0.2,,,,,,,,,,-50063.92211002317,-50063.92211002317,0.0,-50063.92211002317,0.0,5,car-train_10000_2000000_al_0.0001_cl_0.001_buf_1000000_bs_64_th_0.2_sig_0.2
0.0001,0.0001,500000,64,0.25,0.1,,-50064.37527631602,,-50064.35161574144,,-50063.31928811855,,,,,-50064.01539339201,0.4923155285612238,-50064.37527631602,0.4923155285612238,7,car-train_2000_2000000_al_0.0001_cl_0.0001_buf_500000_bs_64_th_0.25_sig_0.1;car-train_4000_2000000_al_0.0001_cl_0.0001_buf_500000_bs_64_th_0.25_sig_0.1;car-train_6000_2000000_al_0.0001_cl_0.0001_buf_500000_bs_64_th_0.25_sig_0.1
0.0001,0.001,1000000,64,0.15,0.2,,,,,,,,,,-50064.02020753059,-50064.02020753059,0.0,-50064.02020753059,0.0,5,car-train_10000_2000000_al_0.0001_cl_0.001_buf_1000000_bs_64_th_0.15_sig_0.2
0.0001,0.0001,500000,64,0.15,0.2,,,,-50064.47271689589,,-50064.288966912376,,,,-50064.027283542084,-50064.26298911678,0.18277281447960508,-50064.47271689589,0.18277281447960508,7,car-train_10000_2000000_al_0.0001_cl_0.0001_buf_500000_bs_64_th_0.15_sig_0.2;car-train_4000_2000000_al_0.0001_cl_0.0001_buf_500000_bs_64_th_0.15_sig_0.2;car-train_6000_2000000_al_0.0001_cl_0.0001_buf_500000_bs_64_th_0.15_sig_0.2
0.0001,0.0001,1000000,64,0.15,0.2,,,,,,-50064.288966912376,,,,,-50064.288966912376,0.0,-50064.288966912376,0.0,5,car-train_6000_2000000_al_0.0001_cl_0.0001_buf_1000000_bs_64_th_0.15_sig_0.2
0.01,0.0001,100000,64,0.25,0.1,,,-50064.322654647825,,-50064.32239123217,,,-50064.34054130043,-50064.324228061654,-50064.35380478239,-50064.33272400489,0.012536733903019267,-50064.35380478239,0.012536733903019267,9,car-train_10000_2000000_al_0.01_cl_0.0001_buf_100000_bs_64_th_0.25_sig_0.1;car-train_3000_2000000_al_0.01_cl_0.0001_buf_100000_bs_64_th_0.25_sig_0.1;car-train_5000_2000000_al_0.01_cl_0.0001_buf_100000_bs_64_th_0.25_sig_0.1;car-train_8000_2000000_al_0.01_cl_0.0001_buf_100000_bs_64_th_0.25_sig_0.1;car-train_9000_2000000_al_0.01_cl_0.0001_buf_100000_bs_64_th_0.25_sig_0.1
0.01,0.0001,500000,64,0.25,0.1,,,-50064.322654647825,,,,,,-50064.324228061654,-50064.35380478239,-50064.33356249729,0.014327863002222021,-50064.35380478239,0.014327863002222021,7,car-train_10000_2000000_al_0.01_cl_0.0001_buf_500000_bs_64_th_0.25_sig_0.1;car-train_3000_2000000_al_0.01_cl_0.0001_buf_500000_bs_64_th_0.25_sig_0.1;car-train_9000_2000000_al_0.01_cl_0.0001_buf_500000_bs_64_th_0.25_sig_0.1
0.01,0.0001,500000,64,0.2,0.1,,,,,-50064.3248951341,,,-50064.35522037197,,,-50064.340057753034,0.015162618932663463,-50064.35522037197,0.015162618932663463,6,car-train_5000_2000000_al_0.01_cl_0.0001_buf_500000_bs_64_th_0.2_sig_0.1;car-train_8000_2000000_al_0.01_cl_0.0001_buf_500000_bs_64_th_0.2_sig_0.1
0.01,0.0001,1000000,64,0.25,0.1,,,,,,,,-50064.34054130043,,,-50064.34054130043,0.0,-50064.34054130043,0.0,5,car-train_8000_2000000_al_0.01_cl_0.0001_buf_1000000_bs_64_th_0.25_sig_0.1
0.01,0.0001,1000000,64,0.15,0.1,,,,,,,,,-50064.34632577502,,-50064.34632577502,0.0,-50064.34632577502,0.0,5,car-train_9000_2000000_al_0.01_cl_0.0001_buf_1000000_bs_64_th_0.15_sig_0.1
0.0001,0.0001,1000000,64,0.25,0.1,,,,-50064.35161574144,,,,,,,-50064.35161574144,0.0,-50064.35161574144,0.0,5,car-train_4000_2000000_al_0.0001_cl_0.0001_buf_1000000_bs_64_th_0.25_sig_0.1
0.0001,0.01,1000000,64,0.2,0.1,,,,,,,,-50064.352679879376,,,-50064.352679879376,0.0,-50064.352679879376,0.0,5,car-train_8000_2000000_al_0.0001_cl_0.01_buf_1000000_bs_64_th_0.2_sig_0.1
0.01,0.01,1000000,64,0.25,0.1,,,,,,,,,,-50064.353724488166,-50064.353724488166,0.0,-50064.353724488166,0.0,5,car-train_10000_2000000_al_0.01_cl_0.01_buf_1000000_bs_64_th_0.25_sig_0.1
0.01,0.0001,1000000,64,0.2,0.1,,,,,,,,-50064.35522037197,,,-50064.35522037197,0.0,-50064.35522037197,0.0,5,car-train_8000_2000000_al_0.01_cl_0.0001_buf_1000000_bs_64_th_0.2_sig_0.1
0.001,0.001,500000,64,0.25,0.1,,-50064.37021544197,,,,-50064.365819748804,,,,-50064.35381277906,-50064.36328265662,0.00693250629309058,-50064.37021544197,0.00693250629309058,7,car-train_10000_2000000_al_0.001_cl_0.001_buf_500000_bs_64_th_0.25_sig_0.1;car-train_2000_2000000_al_0.001_cl_0.001_buf_500000_bs_64_th_0.25_sig_0.1;car-train_6000_2000000_al_0.001_cl_0.001_buf_500000_bs_64_th_0.25_sig_0.1
0.01,0.0001,500000,64,0.15,0.1,,,-50064.3555069854,,,,,-50064.378812597104,,,-50064.36715979125,0.011652805853373138,-50064.378812597104,0.011652805853373138,6,car-train_3000_2000000_al_0.01_cl_0.0001_buf_500000_bs_64_th_0.15_sig_0.1;car-train_8000_2000000_al_0.01_cl_0.0001_buf_500000_bs_64_th_0.15_sig_0.1
0.01,0.01,1000000,64,0.15,0.1,,,,,,,,,,-50064.377972851515,-50064.377972851515,0.0,-50064.377972851515,0.0,5,car-train_10000_2000000_al_0.01_cl_0.01_buf_1000000_bs_64_th_0.15_sig_0.1
0.01,0.001,1000000,64,0.15,0.1,,,,,,,,-50064.37881260987,,,-50064.37881260987,0.0,-50064.37881260987,0.0,5,car-train_8000_2000000_al_0.01_cl_0.001_buf_1000000_bs_64_th_0.15_sig_0.1
0.001,0.0001,1000000,64,0.2,0.1,,,,,,,,-50064.35523093569,,-50064.51325200633,-50064.43424147101,0.07901053531895741,-50064.51325200633,0.07901053531895741,6,car-train_10000_2000000_al_0.001_cl_0.0001_buf_1000000_bs_64_th_0.2_sig_0.1;car-train_8000_2000000_al_0.001_cl_0.0001_buf_1000000_bs_64_th_0.2_sig_0.1
0.01,0.0001,500000,64,0.2,0.2,,,-50064.43754333556,,,,,-50064.467066200574,-50064.41599000843,,-50064.440199848184,0.020936207003796854,-50064.467066200574,0.020936207003796854,7,car-train_3000_2000000_al_0.01_cl_0.0001_buf_500000_bs_64_th_0.2_sig_0.2;car-train_8000_2000000_al_0.01_cl_0.0001_buf_500000_bs_64_th_0.2_sig_0.2;car-train_9000_2000000_al_0.01_cl_0.0001_buf_500000_bs_64_th_0.2_sig_0.2
0.01,0.01,1000000,64,0.2,0.2,,,,,,,,,,-50064.448443916466,-50064.448443916466,0.0,-50064.448443916466,0.0,5,car-train_10000_2000000_al_0.01_cl_0.01_buf_1000000_bs_64_th_0.2_sig_0.2
0.0001,0.0001,500000,64,0.25,0.2,,,,,,,,-50064.448859069365,,,-50064.448859069365,0.0,-50064.448859069365,0.0,5,car-train_8000_2000000_al_0.0001_cl_0.0001_buf_500000_bs_64_th_0.25_sig_0.2
0.0001,0.0001,1000000,64,0.2,0.2,,,,-50064.450341068215,,,,,,,-50064.450341068215,0.0,-50064.450341068215,0.0,5,car-train_4000_2000000_al_0.0001_cl_0.0001_buf_1000000_bs_64_th_0.2_sig_0.2
0.01,0.001,1000000,64,0.25,0.2,,,,,,,,-50064.45060897057,,,-50064.45060897057,0.0,-50064.45060897057,0.0,5,car-train_8000_2000000_al_0.01_cl_0.001_buf_1000000_bs_64_th_0.25_sig_0.2
0.001,0.0001,1000000,64,0.15,0.2,,-50064.500336435885,,,-50064.44135230366,,,,,,-50064.470844369775,0.029492066114471527,-50064.500336435885,0.029492066114471527,6,car-train_2000_2000000_al_0.001_cl_0.0001_buf_1000000_bs_64_th_0.15_sig_0.2;car-train_5000_2000000_al_0.001_cl_0.0001_buf_1000000_bs_64_th_0.15_sig_0.2
0.01,0.0001,1000000,64,0.15,0.2,,,,,,,,-50064.48947200759,,,-50064.48947200759,0.0,-50064.48947200759,0.0,5,car-train_8000_2000000_al_0.01_cl_0.0001_buf_1000000_bs_64_th_0.15_sig_0.2
0.01,0.0001,500000,64,0.15,0.2,,,,,,,,-50064.48947200759,,-50064.495944295915,-50064.49270815175,0.0032361441626562737,-50064.495944295915,0.0032361441626562737,6,car-train_10000_2000000_al_0.01_cl_0.0001_buf_500000_bs_64_th_0.15_sig_0.2;car-train_8000_2000000_al_0.01_cl_0.0001_buf_500000_bs_64_th_0.15_sig_0.2
0.001,0.001,1000000,64,0.15,0.2,,,,,,-50064.49378747065,,,,,-50064.49378747065,0.0,-50064.49378747065,0.0,5,car-train_6000_2000000_al_0.001_cl_0.001_buf_1000000_bs_64_th_0.15_sig_0.2
0.001,0.01,1000000,64,0.15,0.2,,,,,,-50064.49414094291,,,,,-50064.49414094291,0.0,-50064.49414094291,0.0,5,car-train_6000_2000000_al_0.001_cl_0.01_buf_1000000_bs_64_th_0.15_sig_0.2
0.01,0.01,1000000,64,0.15,0.2,,,,,,,,,,-50064.49594437702,-50064.49594437702,0.0,-50064.49594437702,0.0,5,car-train_10000_2000000_al_0.01_cl_0.01_buf_1000000_bs_64_th_0.15_sig_0.2
0.01,0.0001,100000,64,0.15,0.2,,,-50064.61920242374,,-50064.45881316337,,,-50064.48947201075,-50064.43890910523,-50064.495944295915,-50064.5004681998,0.06287107760909534,-50064.61920242374,0.06287107760909534,9,car-train_10000_2000000_al_0.01_cl_0.0001_buf_100000_bs_64_th_0.15_sig_0.2;car-train_3000_2000000_al_0.01_cl_0.0001_buf_100000_bs_64_th_0.15_sig_0.2;car-train_5000_2000000_al_0.01_cl_0.0001_buf_100000_bs_64_th_0.15_sig_0.2;car-train_8000_2000000_al_0.01_cl_0.0001_buf_100000_bs_64_th_0.15_sig_0.2;car-train_9000_2000000_al_0.01_cl_0.0001_buf_100000_bs_64_th_0.15_sig_0.2
0.0001,0.01,500000,64,0.25,0.2,,,,,-50065.145217558726,,,-50064.447732219436,,,-50064.79647488908,0.34874266964470735,-50065.145217558726,0.34874266964470735,6,car-train_5000_2000000_al_0.0001_cl_0.01_buf_500000_bs_64_th_0.25_sig_0.2;car-train_8000_2000000_al_0.0001_cl_0.01_buf_500000_bs_64_th_0.25_sig_0.2
0.0001,0.001,500000,64,0.25,0.1,,-50082.1076528467,,,-50058.62406154885,-50060.83660466816,,-50064.33796390434,,,-50066.47657074201,9.251695586655556,-50082.1076528467,9.251695586655556,8,car-train_2000_2000000_al_0.0001_cl_0.001_buf_500000_bs_64_th_0.25_sig_0.1;car-train_5000_2000000_al_0.0001_cl_0.001_buf_500000_bs_64_th_0.25_sig_0.1;car-train_6000_2000000_al_0.0001_cl_0.001_buf_500000_bs_64_th_0.25_sig_0.1;car-train_8000_2000000_al_0.0001_cl_0.001_buf_500000_bs_64_th_0.25_sig_0.1
0.0001,0.001,1000000,64,0.25,0.1,,-50082.1076528467,,,,-50060.83660466816,,,,,-50071.472128757436,10.635524089269893,-50082.1076528467,10.635524089269893,6,car-train_2000_2000000_al_0.0001_cl_0.001_buf_1000000_bs_64_th_0.25_sig_0.1;car-train_6000_2000000_al_0.0001_cl_0.001_buf_1000000_bs_64_th_0.25_sig_0.1
0.0001,0.0001,100000,64,0.25,0.1,-50119.02300497273,-50064.37527631602,,-50064.35161574144,-50064.31601096042,-50063.31928811855,,-50064.33911739684,,-50064.11606762676,-50071.97719730467,19.209512183153414,-50119.02300497273,19.209512183153414,11,car-train_10000_2000000_al_0.0001_cl_0.0001_buf_100000_bs_64_th_0.25_sig_0.1;car-train_1000_2000000_al_0.0001_cl_0.0001_buf_100000_bs_64_th_0.25_sig_0.1;car-train_2000_2000000_al_0.0001_cl_0.0001_buf_100000_bs_64_th_0.25_sig_0.1;car-train_4000_2000000_al_0.0001_cl_0.0001_buf_100000_bs_64_th_0.25_sig_0.1;car-train_5000_2000000_al_0.0001_cl_0.0001_buf_100000_bs_64_th_0.25_sig_0.1;car-train_6000_2000000_al_0.0001_cl_0.0001_buf_100000_bs_64_th_0.25_sig_0.1;car-train_8000_2000000_al_0.0001_cl_0.0001_buf_100000_bs_64_th_0.25_sig_0.1
0.0001,0.0001,100000,64,0.15,0.1,-50118.96260388577,-50059.325458440624,,-50064.368397633196,,-50064.081701231196,,-50064.37717684444,,-50063.55445327484,-50072.44496521834,20.877889842380675,-50118.96260388577,20.877889842380675,10,car-train_10000_2000000_al_0.0001_cl_0.0001_buf_100000_bs_64_th_0.15_sig_0.1;car-train_1000_2000000_al_0.0001_cl_0.0001_buf_100000_bs_64_th_0.15_sig_0.1;car-train_2000_2000000_al_0.0001_cl_0.0001_buf_100000_bs_64_th_0.15_sig_0.1;car-train_4000_2000000_al_0.0001_cl_0.0001_buf_100000_bs_64_th_0.15_sig_0.1;car-train_6000_2000000_al_0.0001_cl_0.0001_buf_100000_bs_64_th_0.15_sig_0.1;car-train_8000_2000000_al_0.0001_cl_0.0001_buf_100000_bs_64_th_0.15_sig_0.1
0.01,0.0001,100000,64,0.2,0.1,,,-50064.33252116369,,-50064.3248951341,,-50119.247333599014,-50064.35522037197,-50064.32876800147,-50064.513253748235,-50073.516998669744,20.451332940320665,-50119.247333599014,20.451332940320665,10,car-train_10000_2000000_al_0.01_cl_0.0001_buf_100000_bs_64_th_0.2_sig_0.1;car-train_3000_2000000_al_0.01_cl_0.0001_buf_100000_bs_64_th_0.2_sig_0.1;car-train_5000_2000000_al_0.01_cl_0.0001_buf_100000_bs_64_th_0.2_sig_0.1;car-train_7000_2000000_al_0.01_cl_0.0001_buf_100000_bs_64_th_0.2_sig_0.1;car-train_8000_2000000_al_0.01_cl_0.0001_buf_100000_bs_64_th_0.2_sig_0.1;car-train_9000_2000000_al_0.01_cl_0.0001_buf_100000_bs_64_th_0.2_sig_0.1
0.01,0.0001,100000,64,0.2,0.2,,,-50064.43754333556,,-50064.428022968306,-50119.804715848055,,-50064.467066200574,-50064.41599000843,-50064.44844384894,-50073.66696370164,20.63343619738436,-50119.804715848055,20.63343619738436,10,car-train_10000_2000000_al_0.01_cl_0.0001_buf_100000_bs_64_th_0.2_sig_0.2;car-train_3000_2000000_al_0.01_cl_0.0001_buf_100000_bs_64_th_0.2_sig_0.2;car-train_5000_2000000_al_0.01_cl_0.0001_buf_100000_bs_64_th_0.2_sig_0.2;car-train_6000_2000000_al_0.01_cl_0.0001_buf_100000_bs_64_th_0.2_sig_0.2;car-train_8000_2000000_al_0.01_cl_0.0001_buf_100000_bs_64_th_0.2_sig_0.2;car-train_9000_2000000_al_0.01_cl_0.0001_buf_100000_bs_64_th_0.2_sig_0.2
0.0001,0.0001,100000,64,0.25,0.2,-50113.19347001473,,,-50064.42817493281,-50064.39075672544,,,-50064.448859069365,,-50064.25000200728,-50074.14225254992,19.525732038607,-50113.19347001473,19.525732038607,9,car-train_10000_2000000_al_0.0001_cl_0.0001_buf_100000_bs_64_th_0.25_sig_0.2;car-train_1000_2000000_al_0.0001_cl_0.0001_buf_100000_bs_64_th_0.25_sig_0.2;car-train_4000_2000000_al_0.0001_cl_0.0001_buf_100000_bs_64_th_0.25_sig_0.2;car-train_5000_2000000_al_0.0001_cl_0.0001_buf_100000_bs_64_th_0.25_sig_0.2;car-train_8000_2000000_al_0.0001_cl_0.0001_buf_100000_bs_64_th_0.25_sig_0.2
0.01,0.0001,100000,64,0.15,0.1,,,-50064.3555069854,,-50064.342880321376,,-50119.296244310564,-50064.378812597104,-50064.34632577502,,-50075.34395399789,21.976148734388296,-50119.296244310564,21.976148734388296,9,car-train_3000_2000000_al_0.01_cl_0.0001_buf_100000_bs_64_th_0.15_sig_0.1;car-train_5000_2000000_al_0.01_cl_0.0001_buf_100000_bs_64_th_0.15_sig_0.1;car-train_7000_2000000_al_0.01_cl_0.0001_buf_100000_bs_64_th_0.15_sig_0.1;car-train_8000_2000000_al_0.01_cl_0.0001_buf_100000_bs_64_th_0.15_sig_0.1;car-train_9000_2000000_al_0.01_cl_0.0001_buf_100000_bs_64_th_0.15_sig_0.1
0.0001,0.001,500000,64,0.15,0.1,-50119.05249690487,-50062.92664702179,,,,,,-50064.37632557826,,-50060.98902755662,-50076.836124265385,24.40324124704822,-50119.05249690487,24.40324124704822,8,car-train_10000_2000000_al_0.0001_cl_0.001_buf_500000_bs_64_th_0.15_sig_0.1;car-train_1000_2000000_al_0.0001_cl_0.001_buf_500000_bs_64_th_0.15_sig_0.1;car-train_2000_2000000_al_0.0001_cl_0.001_buf_500000_bs_64_th_0.15_sig_0.1;car-train_8000_2000000_al_0.0001_cl_0.001_buf_500000_bs_64_th_0.15_sig_0.1
0.0001,0.0001,500000,64,0.2,0.1,,-50119.04595079459,,-50064.35769111264,,,,-50064.35357153204,,-50063.94280385256,-50077.925004322955,23.74178776157586,-50119.04595079459,23.74178776157586,8,car-train_10000_2000000_al_0.0001_cl_0.0001_buf_500000_bs_64_th_0.2_sig_0.1;car-train_2000_2000000_al_0.0001_cl_0.0001_buf_500000_bs_64_th_0.2_sig_0.1;car-train_4000_2000000_al_0.0001_cl_0.0001_buf_500000_bs_64_th_0.2_sig_0.1;car-train_8000_2000000_al_0.0001_cl_0.0001_buf_500000_bs_64_th_0.2_sig_0.1
0.0001,0.0001,100000,64,0.2,0.1,-50119.03156265772,-50119.04595079459,,-50064.35769111264,-50064.31822747961,-50064.0939643632,,-50064.35357153204,-50064.2895288947,-50063.94280385256,-50077.92916258588,23.73501415854501,-50119.04595079459,23.73501415854501,12,car-train_10000_2000000_al_0.0001_cl_0.0001_buf_100000_bs_64_th_0.2_sig_0.1;car-train_1000_2000000_al_0.0001_cl_0.0001_buf_100000_bs_64_th_0.2_sig_0.1;car-train_2000_2000000_al_0.0001_cl_0.0001_buf_100000_bs_64_th_0.2_sig_0.1;car-train_4000_2000000_al_0.0001_cl_0.0001_buf_100000_bs_64_th_0.2_sig_0.1;car-train_5000_2000000_al_0.0001_cl_0.0001_buf_100000_bs_64_th_0.2_sig_0.1;car-train_6000_2000000_al_0.0001_cl_0.0001_buf_100000_bs_64_th_0.2_sig_0.1;car-train_8000_2000000_al_0.0001_cl_0.0001_buf_100000_bs_64_th_0.2_sig_0.1;car-train_9000_2000000_al_0.0001_cl_0.0001_buf_100000_bs_64_th_0.2_sig_0.1
0.001,0.0001,500000,64,0.15,0.1,,-50118.65899189135,,,-50064.31818805288,,,-50064.378822891624,,-50064.526994630636,-50077.97074936662,23.491490570416577,-50118.65899189135,23.491490570416577,8,car-train_10000_2000000_al_0.001_cl_0.0001_buf_500000_bs_64_th_0.15_sig_0.1;car-train_2000_2000000_al_0.001_cl_0.0001_buf_500000_bs_64_th_0.15_sig_0.1;car-train_5000_2000000_al_0.001_cl_0.0001_buf_500000_bs_64_th_0.15_sig_0.1;car-train_8000_2000000_al_0.001_cl_0.0001_buf_500000_bs_64_th_0.15_sig_0.1
0.001,0.01,500000,64,0.15,0.1,,-50119.06131545917,,,,-50064.39063759127,,-50064.37881680537,,-50064.37797135055,-50078.052185301596,23.676632865205214,-50119.06131545917,23.676632865205214,8,car-train_10000_2000000_al_0.001_cl_0.01_buf_500000_bs_64_th_0.15_sig_0.1;car-train_2000_2000000_al_0.001_cl_0.01_buf_500000_bs_64_th_0.15_sig_0.1;car-train_6000_2000000_al_0.001_cl_0.01_buf_500000_bs_64_th_0.15_sig_0.1;car-train_8000_2000000_al_0.001_cl_0.01_buf_500000_bs_64_th_0.15_sig_0.1
0.001,0.01,500000,64,0.2,0.2,,,,-50119.21942395211,,-50064.48016070969,,-50064.467035078625,,-50064.44880659569,-50078.15385658403,23.70921898877193,-50119.21942395211,23.70921898877193,8,car-train_10000_2000000_al_0.001_cl_0.01_buf_500000_bs_64_th_0.2_sig_0.2;car-train_4000_2000000_al_0.001_cl_0.01_buf_500000_bs_64_th_0.2_sig_0.2;car-train_6000_2000000_al_0.001_cl_0.01_buf_500000_bs_64_th_0.2_sig_0.2;car-train_8000_2000000_al_0.001_cl_0.01_buf_500000_bs_64_th_0.2_sig_0.2
0.01,0.0001,500000,64,0.25,0.2,,,,,,-50119.33309513043,,-50064.45060895792,-50064.40299697683,-50064.44764247972,-50078.15858588622,23.772121478260722,-50119.33309513043,23.772121478260722,8,car-train_10000_2000000_al_0.01_cl_0.0001_buf_500000_bs_64_th_0.25_sig_0.2;car-train_6000_2000000_al_0.01_cl_0.0001_buf_500000_bs_64_th_0.25_sig_0.2;car-train_8000_2000000_al_0.01_cl_0.0001_buf_500000_bs_64_th_0.25_sig_0.2;car-train_9000_2000000_al_0.01_cl_0.0001_buf_500000_bs_64_th_0.25_sig_0.2
0.0001,0.001,100000,64,0.15,0.1,-50119.05249690487,-50062.92664702179,,-50119.10918155436,-50064.333497863656,-50064.25190263304,,-50064.37632557826,,-50060.98902755662,-50079.29129701608,25.189474259772993,-50119.10918155436,25.189474259772993,11,car-train_10000_2000000_al_0.0001_cl_0.001_buf_100000_bs_64_th_0.15_sig_0.1;car-train_1000_2000000_al_0.0001_cl_0.001_buf_100000_bs_64_th_0.15_sig_0.1;car-train_2000_2000000_al_0.0001_cl_0.001_buf_100000_bs_64_th_0.15_sig_0.1;car-train_4000_2000000_al_0.0001_cl_0.001_buf_100000_bs_64_th_0.15_sig_0.1;car-train_5000_2000000_al_0.0001_cl_0.001_buf_100000_bs_64_th_0.15_sig_0.1;car-train_6000_2000000_al_0.0001_cl_0.001_buf_100000_bs_64_th_0.15_sig_0.1;car-train_8000_2000000_al_0.0001_cl_0.001_buf_100000_bs_64_th_0.15_sig_0.1
0.001,0.0001,100000,64,0.2,0.1,-50119.04399491399,,,-50119.0362502762,-50064.304779051134,-50064.374279415315,,-50064.35523093569,-50064.32870163693,-50064.51325200633,-50079.99378403365,24.695149793622416,-50119.04399491399,24.695149793622416,11,car-train_10000_2000000_al_0.001_cl_0.0001_buf_100000_bs_64_th_0.2_sig_0.1;car-train_1000_2000000_al_0.001_cl_0.0001_buf_100000_bs_64_th_0.2_sig_0.1;car-train_4000_2000000_al_0.001_cl_0.0001_buf_100000_bs_64_th_0.2_sig_0.1;car-train_5000_2000000_al_0.001_cl_0.0001_buf_100000_bs_64_th_0.2_sig_0.1;car-train_6000_2000000_al_0.001_cl_0.0001_buf_100000_bs_64_th_0.2_sig_0.1;car-train_8000_2000000_al_0.001_cl_0.0001_buf_100000_bs_64_th_0.2_sig_0.1;car-train_9000_2000000_al_0.001_cl_0.0001_buf_100000_bs_64_th_0.2_sig_0.1
0.001,0.001,100000,64,0.25,0.1,-50119.45117055407,-50064.37021544197,,-50118.994335582225,-50064.470127785564,-50064.365819748804,,-50064.489478335396,,-50064.35381277906,-50080.07070860387,24.762276069381436,-50119.45117055407,24.762276069381436,11,car-train_10000_2000000_al_0.001_cl_0.001_buf_100000_bs_64_th_0.25_sig_0.1;car-train_1000_2000000_al_0.001_cl_0.001_buf_100000_bs_64_th_0.25_sig_0.1;car-train_2000_2000000_al_0.001_cl_0.001_buf_100000_bs_64_th_0.25_sig_0.1;car-train_4000_2000000_al_0.001_cl_0.001_buf_100000_bs_64_th_0.25_sig_0.1;car-train_5000_2000000_al_0.001_cl_0.001_buf_100000_bs_64_th_0.25_sig_0.1;car-train_6000_2000000_al_0.001_cl_0.001_buf_100000_bs_64_th_0.25_sig_0.1;car-train_8000_2000000_al_0.001_cl_0.001_buf_100000_bs_64_th_0.25_sig_0.1
0.001,0.0001,100000,64,0.15,0.2,-50119.00309280174,-50064.500336435885,,-50119.27588548907,-50064.44135230366,,,-50064.48972022072,-50064.43891859469,-50064.49592878921,-50080.09217637643,24.695807336017417,-50119.27588548907,24.695807336017417,11,car-train_10000_2000000_al_0.001_cl_0.0001_buf_100000_bs_64_th_0.15_sig_0.2;car-train_1000_2000000_al_0.001_cl_0.0001_buf_100000_bs_64_th_0.15_sig_0.2;car-train_2000_2000000_al_0.001_cl_0.0001_buf_100000_bs_64_th_0.15_sig_0.2;car-train_4000_2000000_al_0.001_cl_0.0001_buf_100000_bs_64_th_0.15_sig_0.2;car-train_5000_2000000_al_0.001_cl_0.0001_buf_100000_bs_64_th_0.15_sig_0.2;car-train_8000_2000000_al_0.001_cl_0.0001_buf_100000_bs_64_th_0.15_sig_0.2;car-train_9000_2000000_al_0.001_cl_0.0001_buf_100000_bs_64_th_0.15_sig_0.2
0.01,0.0001,100000,64,0.25,0.2,,,-50064.420563269734,,-50064.40107732239,-50119.33309513043,-50119.34732638394,-50064.45060895792,-50064.40299697683,-50064.44764247972,-50080.11475864586,24.808360936050406,-50119.34732638394,24.808360936050406,11,car-train_10000_2000000_al_0.01_cl_0.0001_buf_100000_bs_64_th_0.25_sig_0.2;car-train_3000_2000000_al_0.01_cl_0.0001_buf_100000_bs_64_th_0.25_sig_0.2;car-train_5000_2000000_al_0.01_cl_0.0001_buf_100000_bs_64_th_0.25_sig_0.2;car-train_6000_2000000_al_0.01_cl_0.0001_buf_100000_bs_64_th_0.25_sig_0.2;car-train_7000_2000000_al_0.01_cl_0.0001_buf_100000_bs_64_th_0.25_sig_0.2;car-train_8000_2000000_al_0.01_cl_0.0001_buf_100000_bs_64_th_0.25_sig_0.2;car-train_9000_2000000_al_0.01_cl_0.0001_buf_100000_bs_64_th_0.25_sig_0.2
0.0001,0.001,100000,64,0.25,0.1,-50118.98390536132,-50082.1076528467,,-50118.981161378564,-50058.62406154885,-50060.83660466816,,-50064.33796390434,,-50063.66463684838,-50081.07656950805,24.99118397724983,-50118.98390536132,24.99118397724983,11,car-train_10000_2000000_al_0.0001_cl_0.001_buf_100000_bs_64_th_0.25_sig_0.1;car-train_1000_2000000_al_0.0001_cl_0.001_buf_100000_bs_64_th_0.25_sig_0.1;car-train_2000_2000000_al_0.0001_cl_0.001_buf_100000_bs_64_th_0.25_sig_0.1;car-train_4000_2000000_al_0.0001_cl_0.001_buf_100000_bs_64_th_0.25_sig_0.1;car-train_5000_2000000_al_0.0001_cl_0.001_buf_100000_bs_64_th_0.25_sig_0.1;car-train_6000_2000000_al_0.0001_cl_0.001_buf_100000_bs_64_th_0.25_sig_0.1;car-train_8000_2000000_al_0.0001_cl_0.001_buf_100000_bs_64_th_0.25_sig_0.1
0.0001,0.0001,100000,64,0.2,0.2,-50116.44772194866,,,-50064.450341068215,-50064.4188188117,-50117.167434948526,,-50064.46584014215,,-50064.24113087623,-50081.865214632584,24.70896490754248,-50117.167434948526,24.70896490754248,10,car-train_10000_2000000_al_0.0001_cl_0.0001_buf_100000_bs_64_th_0.2_sig_0.2;car-train_1000_2000000_al_0.0001_cl_0.0001_buf_100000_bs_64_th_0.2_sig_0.2;car-train_4000_2000000_al_0.0001_cl_0.0001_buf_100000_bs_64_th_0.2_sig_0.2;car-train_5000_2000000_al_0.0001_cl_0.0001_buf_100000_bs_64_th_0.2_sig_0.2;car-train_6000_2000000_al_0.0001_cl_0.0001_buf_100000_bs_64_th_0.2_sig_0.2;car-train_8000_2000000_al_0.0001_cl_0.0001_buf_100000_bs_64_th_0.2_sig_0.2
0.0001,0.0001,500000,64,0.15,0.1,-50118.96260388577,,,,-50064.33398418519,,,,,-50063.55445327484,-50082.2836804486,25.937867883235633,-50118.96260388577,25.937867883235633,7,car-train_10000_2000000_al_0.0001_cl_0.0001_buf_500000_bs_64_th_0.15_sig_0.1;car-train_1000_2000000_al_0.0001_cl_0.0001_buf_500000_bs_64_th_0.15_sig_0.1;car-train_5000_2000000_al_0.0001_cl_0.0001_buf_500000_bs_64_th_0.15_sig_0.1
0.0001,0.001,500000,64,0.25,0.2,-50119.00692942762,,,,,-50064.46023113575,,,,-50063.68942803014,-50082.385529531166,25.89715212320382,-50119.00692942762,25.89715212320382,7,car-train_10000_2000000_al_0.0001_cl_0.001_buf_500000_bs_64_th_0.25_sig_0.2;car-train_1000_2000000_al_0.0001_cl_0.001_buf_500000_bs_64_th_0.25_sig_0.2;car-train_6000_2000000_al_0.0001_cl_0.001_buf_500000_bs_64_th_0.25_sig_0.2
0.0001,0.0001,100000,64,0.15,0.2,-50118.97684776605,-50118.659606303525,,-50064.47271689589,,-50064.288966912376,,-50064.488446803756,,-50064.027283542084,-50082.48564470394,25.69162729579432,-50118.97684776605,25.69162729579432,10,car-train_10000_2000000_al_0.0001_cl_0.0001_buf_100000_bs_64_th_0.15_sig_0.2;car-train_1000_2000000_al_0.0001_cl_0.0001_buf_100000_bs_64_th_0.15_sig_0.2;car-train_2000_2000000_al_0.0001_cl_0.0001_buf_100000_bs_64_th_0.15_sig_0.2;car-train_4000_2000000_al_0.0001_cl_0.0001_buf_100000_bs_64_th_0.15_sig_0.2;car-train_6000_2000000_al_0.0001_cl_0.0001_buf_100000_bs_64_th_0.15_sig_0.2;car-train_8000_2000000_al_0.0001_cl_0.0001_buf_100000_bs_64_th_0.15_sig_0.2
0.001,0.001,100000,64,0.15,0.1,-50119.10592748545,,,-50119.128450412856,-50064.3369526658,-50064.390638617224,,-50064.37881718854,,-50064.377974427356,-50082.619793466205,25.807562003439003,-50119.128450412856,25.807562003439003,10,car-train_10000_2000000_al_0.001_cl_0.001_buf_100000_bs_64_th_0.15_sig_0.1;car-train_1000_2000000_al_0.001_cl_0.001_buf_100000_bs_64_th_0.15_sig_0.1;car-train_4000_2000000_al_0.001_cl_0.001_buf_100000_bs_64_th_0.15_sig_0.1;car-train_5000_2000000_al_0.001_cl_0.001_buf_100000_bs_64_th_0.15_sig_0.1;car-train_6000_2000000_al_0.001_cl_0.001_buf_100000_bs_64_th_0.15_sig_0.1;car-train_8000_2000000_al_0.001_cl_0.001_buf_100000_bs_64_th_0.15_sig_0.1
0.001,0.0001,500000,64,0.25,0.2,,-50064.412039864525,,-50119.0474260162,,,,,-50064.402970729665,,-50082.620812203466,25.757505908751302,-50119.0474260162,25.757505908751302,7,car-train_2000_2000000_al_0.001_cl_0.0001_buf_500000_bs_64_th_0.25_sig_0.2;car-train_4000_2000000_al_0.001_cl_0.0001_buf_500000_bs_64_th_0.25_sig_0.2;car-train_9000_2000000_al_0.001_cl_0.0001_buf_500000_bs_64_th_0.25_sig_0.2
0.001,0.01,500000,64,0.25,0.1,-50119.028805341724,,,,,,,-50064.489477961004,,-50064.3538115212,-50082.62403160797,25.74212195733917,-50119.028805341724,25.74212195733917,7,car-train_10000_2000000_al_0.001_cl_0.01_buf_500000_bs_64_th_0.25_sig_0.1;car-train_1000_2000000_al_0.001_cl_0.01_buf_500000_bs_64_th_0.25_sig_0.1;car-train_8000_2000000_al_0.001_cl_0.01_buf_500000_bs_64_th_0.25_sig_0.1
0.01,0.01,500000,64,0.25,0.1,,,,-50119.00676286762,,-50064.51451085849,,,,-50064.353724488166,-50082.62499940476,25.725875398968057,-50119.00676286762,25.725875398968057,7,car-train_10000_2000000_al_0.01_cl_0.01_buf_500000_bs_64_th_0.25_sig_0.1;car-train_4000_2000000_al_0.01_cl_0.01_buf_500000_bs_64_th_0.25_sig_0.1;car-train_6000_2000000_al_0.01_cl_0.01_buf_500000_bs_64_th_0.25_sig_0.1
0.01,0.001,500000,64,0.25,0.1,,,,-50119.00677503878,,-50064.51451085849,,,,-50064.353724488166,-50082.62500346181,25.72588113649097,-50119.00677503878,25.72588113649097,7,car-train_10000_2000000_al_0.01_cl_0.001_buf_500000_bs_64_th_0.25_sig_0.1;car-train_4000_2000000_al_0.01_cl_0.001_buf_500000_bs_64_th_0.25_sig_0.1;car-train_6000_2000000_al_0.01_cl_0.001_buf_500000_bs_64_th_0.25_sig_0.1
0.01,0.01,500000,64,0.15,0.1,-50119.12132939172,,,,,-50064.39058236954,,,,-50064.377972851515,-50082.62996153758,25.803294177926166,-50119.12132939172,25.803294177926166,7,car-train_10000_2000000_al_0.01_cl_0.01_buf_500000_bs_64_th_0.15_sig_0.1;car-train_1000_2000000_al_0.01_cl_0.01_buf_500000_bs_64_th_0.15_sig_0.1;car-train_6000_2000000_al_0.01_cl_0.01_buf_500000_bs_64_th_0.15_sig_0.1
0.001,0.0001,100000,64,0.25,0.2,-50119.044795278445,-50064.412039864525,,-50119.0474260162,,,,-50064.45058268684,-50064.402970729665,-50064.44669610767,-50082.63408511389,25.74719581654767,-50119.0474260162,25.74719581654767,10,car-train_10000_2000000_al_0.001_cl_0.0001_buf_100000_bs_64_th_0.25_sig_0.2;car-train_1000_2000000_al_0.001_cl_0.0001_buf_100000_bs_64_th_0.25_sig_0.2;car-train_2000_2000000_al_0.001_cl_0.0001_buf_100000_bs_64_th_0.25_sig_0.2;car-train_4000_2000000_al_0.001_cl_0.0001_buf_100000_bs_64_th_0.25_sig_0.2;car-train_8000_2000000_al_0.001_cl_0.0001_buf_100000_bs_64_th_0.25_sig_0.2;car-train_9000_2000000_al_0.001_cl_0.0001_buf_100000_bs_64_th_0.25_sig_0.2
0.01,0.01,500000,64,0.2,0.1,,,,-50119.03988707193,,-50064.52492334104,,-50064.355220384794,,,-50082.640010265925,25.73869296594405,-50119.03988707193,25.73869296594405,7,car-train_4000_2000000_al_0.01_cl_0.01_buf_500000_bs_64_th_0.2_sig_0.1;car-train_6000_2000000_al_0.01_cl_0.01_buf_500000_bs_64_th_0.2_sig_0.1;car-train_8000_2000000_al_0.01_cl_0.01_buf_500000_bs_64_th_0.2_sig_0.1
0.01,0.001,500000,64,0.2,0.1,,,,-50119.047847475274,,-50064.52492334104,,-50064.355220384794,,,-50082.642663733706,25.742445522476135,-50119.047847475274,25.742445522476135,7,car-train_4000_2000000_al_0.01_cl_0.001_buf_500000_bs_64_th_0.2_sig_0.1;car-train_6000_2000000_al_0.01_cl_0.001_buf_500000_bs_64_th_0.2_sig_0.1;car-train_8000_2000000_al_0.01_cl_0.001_buf_500000_bs_64_th_0.2_sig_0.1
0.01,0.001,500000,64,0.25,0.2,-50119.03763996729,,,,,,,-50064.45060897057,,-50064.447642564926,-50082.64529716759,25.733272405425705,-50119.03763996729,25.733272405425705,7,car-train_10000_2000000_al_0.01_cl_0.001_buf_500000_bs_64_th_0.25_sig_0.2;car-train_1000_2000000_al_0.01_cl_0.001_buf_500000_bs_64_th_0.25_sig_0.2;car-train_8000_2000000_al_0.01_cl_0.001_buf_500000_bs_64_th_0.25_sig_0.2
0.01,0.01,500000,64,0.25,0.2,,,,-50119.05509640533,,-50064.45950824795,,,,-50064.447642564926,-50082.65408240607,25.73940429677833,-50119.05509640533,25.73940429677833,7,car-train_10000_2000000_al_0.01_cl_0.01_buf_500000_bs_64_th_0.25_sig_0.2;car-train_4000_2000000_al_0.01_cl_0.01_buf_500000_bs_64_th_0.25_sig_0.2;car-train_6000_2000000_al_0.01_cl_0.01_buf_500000_bs_64_th_0.25_sig_0.2
0.001,0.001,500000,64,0.2,0.2,-50119.04512315648,,,,,-50064.480161335254,,,,-50064.448807841174,-50082.65803077764,25.729562952633607,-50119.04512315648,25.729562952633607,7,car-train_10000_2000000_al_0.001_cl_0.001_buf_500000_bs_64_th_0.2_sig_0.2;car-train_1000_2000000_al_0.001_cl_0.001_buf_500000_bs_64_th_0.2_sig_0.2;car-train_6000_2000000_al_0.001_cl_0.001_buf_500000_bs_64_th_0.2_sig_0.2
0.01,0.001,500000,64,0.2,0.2,,,,-50119.22745851155,,-50064.48014781386,,-50064.46706621314,,,-50082.72489084618,25.81121367940207,-50119.22745851155,25.81121367940207,7,car-train_4000_2000000_al_0.01_cl_0.001_buf_500000_bs_64_th_0.2_sig_0.2;car-train_6000_2000000_al_0.01_cl_0.001_buf_500000_bs_64_th_0.2_sig_0.2;car-train_8000_2000000_al_0.01_cl_0.001_buf_500000_bs_64_th_0.2_sig_0.2
0.0001,0.01,500000,64,0.15,0.1,,,,,,-50064.590482736116,,-50064.37630364102,,-50119.23905592515,-50082.73528076743,25.812215050829465,-50119.23905592515,25.812215050829465,7,car-train_10000_2000000_al_0.0001_cl_0.01_buf_500000_bs_64_th_0.15_sig_0.1;car-train_6000_2000000_al_0.0001_cl_0.01_buf_500000_bs_64_th_0.15_sig_0.1;car-train_8000_2000000_al_0.0001_cl_0.01_buf_500000_bs_64_th_0.15_sig_0.1
0.01,0.01,500000,64,0.15,0.2,,,,-50119.27585551614,,-50064.49379054334,,,,-50064.49594437702,-50082.75519681218,25.824005437949747,-50119.27585551614,25.824005437949747,7,car-train_10000_2000000_al_0.01_cl_0.01_buf_500000_bs_64_th_0.15_sig_0.2;car-train_4000_2000000_al_0.01_cl_0.01_buf_500000_bs_64_th_0.15_sig_0.2;car-train_6000_2000000_al_0.01_cl_0.01_buf_500000_bs_64_th_0.15_sig_0.2
0.0001,0.001,100000,64,0.2,0.1,-50118.99445925489,,-50094.18677947249,-50119.01531107738,-50064.31746082143,-50060.76745439231,,-50064.35240645651,,-50063.79670006495,-50083.63293879142,24.712247718600022,-50119.01531107738,24.712247718600022,11,car-train_10000_2000000_al_0.0001_cl_0.001_buf_100000_bs_64_th_0.2_sig_0.1;car-train_1000_2000000_al_0.0001_cl_0.001_buf_100000_bs_64_th_0.2_sig_0.1;car-train_3000_2000000_al_0.0001_cl_0.001_buf_100000_bs_64_th_0.2_sig_0.1;car-train_4000_2000000_al_0.0001_cl_0.001_buf_100000_bs_64_th_0.2_sig_0.1;car-train_5000_2000000_al_0.0001_cl_0.001_buf_100000_bs_64_th_0.2_sig_0.1;car-train_6000_2000000_al_0.0001_cl_0.001_buf_100000_bs_64_th_0.2_sig_0.1;car-train_8000_2000000_al_0.0001_cl_0.001_buf_100000_bs_64_th_0.2_sig_0.1
0.001,0.0001,100000,64,0.15,0.1,-50119.102760471134,-50118.65899189135,,-50119.13047078423,-50064.31818805288,-50064.38893276667,,-50064.378822891624,-50064.34629975806,-50064.526994630636,-50084.85643265582,26.420058232274556,-50119.13047078423,26.420058232274556,12,car-train_10000_2000000_al_0.001_cl_0.0001_buf_100000_bs_64_th_0.15_sig_0.1;car-train_1000_2000000_al_0.001_cl_0.0001_buf_100000_bs_64_th_0.15_sig_0.1;car-train_2000_2000000_al_0.001_cl_0.0001_buf_100000_bs_64_th_0.15_sig_0.1;car-train_4000_2000000_al_0.001_cl_0.0001_buf_100000_bs_64_th_0.15_sig_0.1;car-train_5000_2000000_al_0.001_cl_0.0001_buf_100000_bs_64_th_0.15_sig_0.1;car-train_6000_2000000_al_0.001_cl_0.0001_buf_100000_bs_64_th_0.15_sig_0.1;car-train_8000_2000000_al_0.001_cl_0.0001_buf_100000_bs_64_th_0.15_sig_0.1;car-train_9000_2000000_al_0.001_cl_0.0001_buf_100000_bs_64_th_0.15_sig_0.1
0.0001,0.001,100000,64,0.25,0.2,-50119.00692942762,,,-50119.02993155922,,-50064.46023113575,,-50064.44773040822,,-50063.68942803014,-50086.12685011219,26.857315216514188,-50119.02993155922,26.857315216514188,9,car-train_10000_2000000_al_0.0001_cl_0.001_buf_100000_bs_64_th_0.25_sig_0.2;car-train_1000_2000000_al_0.0001_cl_0.001_buf_100000_bs_64_th_0.25_sig_0.2;car-train_4000_2000000_al_0.0001_cl_0.001_buf_100000_bs_64_th_0.25_sig_0.2;car-train_6000_2000000_al_0.0001_cl_0.001_buf_100000_bs_64_th_0.25_sig_0.2;car-train_8000_2000000_al_0.0001_cl_0.001_buf_100000_bs_64_th_0.25_sig_0.2
0.01,0.001,100000,64,0.25,0.1,-50119.01026464764,,,-50119.00677503878,,-50064.51451085849,,-50064.3405413133,,-50064.353724488166,-50086.245163269276,26.751238787053488,-50119.01026464764,26.751238787053488,9,car-train_10000_2000000_al_0.01_cl_0.001_buf_100000_bs_64_th_0.25_sig_0.1;car-train_1000_2000000_al_0.01_cl_0.001_buf_100000_bs_64_th_0.25_sig_0.1;car-train_4000_2000000_al_0.01_cl_0.001_buf_100000_bs_64_th_0.25_sig_0.1;car-train_6000_2000000_al_0.01_cl_0.001_buf_100000_bs_64_th_0.25_sig_0.1;car-train_8000_2000000_al_0.01_cl_0.001_buf_100000_bs_64_th_0.25_sig_0.1
0.01,0.01,100000,64,0.25,0.1,-50119.028765003175,,,-50119.00676286762,,-50064.51451085849,,-50064.3405413133,,-50064.353724488166,-50086.248860906155,26.75576831887315,-50119.028765003175,26.75576831887315,9,car-train_10000_2000000_al_0.01_cl_0.01_buf_100000_bs_64_th_0.25_sig_0.1;car-train_1000_2000000_al_0.01_cl_0.01_buf_100000_bs_64_th_0.25_sig_0.1;car-train_4000_2000000_al_0.01_cl_0.01_buf_100000_bs_64_th_0.25_sig_0.1;car-train_6000_2000000_al_0.01_cl_0.01_buf_100000_bs_64_th_0.25_sig_0.1;car-train_8000_2000000_al_0.01_cl_0.01_buf_100000_bs_64_th_0.25_sig_0.1
0.01,0.01,100000,64,0.2,0.1,-50119.059408617715,,,-50119.03988707193,,-50064.52492334104,,-50064.355220384794,,-50064.364626434915,-50086.26881317008,26.765508120252548,-50119.059408617715,26.765508120252548,9,car-train_10000_2000000_al_0.01_cl_0.01_buf_100000_bs_64_th_0.2_sig_0.1;car-train_1000_2000000_al_0.01_cl_0.01_buf_100000_bs_64_th_0.2_sig_0.1;car-train_4000_2000000_al_0.01_cl_0.01_buf_100000_bs_64_th_0.2_sig_0.1;car-train_6000_2000000_al_0.01_cl_0.01_buf_100000_bs_64_th_0.2_sig_0.1;car-train_8000_2000000_al_0.01_cl_0.01_buf_100000_bs_64_th_0.2_sig_0.1
0.01,0.001,100000,64,0.15,0.1,-50119.09163173281,,,-50119.12571954024,,-50064.39058236954,,-50064.37881260987,,-50064.377972851515,-50086.27294382079,26.81026529763778,-50119.12571954024,26.81026529763778,9,car-train_10000_2000000_al_0.01_cl_0.001_buf_100000_bs_64_th_0.15_sig_0.1;car-train_1000_2000000_al_0.01_cl_0.001_buf_100000_bs_64_th_0.15_sig_0.1;car-train_4000_2000000_al_0.01_cl_0.001_buf_100000_bs_64_th_0.15_sig_0.1;car-train_6000_2000000_al_0.01_cl_0.001_buf_100000_bs_64_th_0.15_sig_0.1;car-train_8000_2000000_al_0.01_cl_0.001_buf_100000_bs_64_th_0.15_sig_0.1
0.01,0.01,100000,64,0.15,0.1,-50119.12132939172,,,-50119.12570740039,,-50064.39058236954,,-50064.37881260987,,-50064.377972851515,-50086.278880924605,26.81753460367562,-50119.12570740039,26.81753460367562,9,car-train_10000_2000000_al_0.01_cl_0.01_buf_100000_bs_64_th_0.15_sig_0.1;car-train_1000_2000000_al_0.01_cl_0.01_buf_100000_bs_64_th_0.15_sig_0.1;car-train_4000_2000000_al_0.01_cl_0.01_buf_100000_bs_64_th_0.15_sig_0.1;car-train_6000_2000000_al_0.01_cl_0.01_buf_100000_bs_64_th_0.15_sig_0.1;car-train_8000_2000000_al_0.01_cl_0.01_buf_100000_bs_64_th_0.15_sig_0.1
0.01,0.001,100000,64,0.25,0.2,-50119.03763996729,,,-50119.05510853248,,-50064.45950824795,,-50064.45060897057,,-50064.447642564926,-50086.29010165664,26.745385431938736,-50119.05510853248,26.745385431938736,9,car-train_10000_2000000_al_0.01_cl_0.001_buf_100000_bs_64_th_0.25_sig_0.2;car-train_1000_2000000_al_0.01_cl_0.001_buf_100000_bs_64_th_0.25_sig_0.2;car-train_4000_2000000_al_0.01_cl_0.001_buf_100000_bs_64_th_0.25_sig_0.2;car-train_6000_2000000_al_0.01_cl_0.001_buf_100000_bs_64_th_0.25_sig_0.2;car-train_8000_2000000_al_0.01_cl_0.001_buf_100000_bs_64_th_0.25_sig_0.2
0.01,0.01,100000,64,0.25,0.2,-50119.04508759467,,,-50119.05509640533,,-50064.45950824795,,-50064.45060897057,,-50064.447642564926,-50086.29158875669,26.74720636686669,-50119.05509640533,26.74720636686669,9,car-train_10000_2000000_al_0.01_cl_0.01_buf_100000_bs_64_th_0.25_sig_0.2;car-train_1000_2000000_al_0.01_cl_0.01_buf_100000_bs_64_th_0.25_sig_0.2;car-train_4000_2000000_al_0.01_cl_0.01_buf_100000_bs_64_th_0.25_sig_0.2;car-train_6000_2000000_al_0.01_cl_0.01_buf_100000_bs_64_th_0.25_sig_0.2;car-train_8000_2000000_al_0.01_cl_0.01_buf_100000_bs_64_th_0.25_sig_0.2
0.01,0.001,100000,64,0.2,0.2,-50119.03586239698,,,-50119.22745851155,,-50064.48014781386,,-50064.46706621314,,-50064.448443916466,-50086.3317957704,26.7810478005889,-50119.22745851155,26.7810478005889,9,car-train_10000_2000000_al_0.01_cl_0.001_buf_100000_bs_64_th_0.2_sig_0.2;car-train_1000_2000000_al_0.01_cl_0.001_buf_100000_bs_64_th_0.2_sig_0.2;car-train_4000_2000000_al_0.01_cl_0.001_buf_100000_bs_64_th_0.2_sig_0.2;car-train_6000_2000000_al_0.01_cl_0.001_buf_100000_bs_64_th_0.2_sig_0.2;car-train_8000_2000000_al_0.01_cl_0.001_buf_100000_bs_64_th_0.2_sig_0.2
0.01,0.01,100000,64,0.2,0.2,-50119.05533399497,,,-50119.22744644625,,-50064.48014781386,,-50064.467066212164,,-50064.448443916466,-50086.33568767675,26.785801152932837,-50119.22744644625,26.785801152932837,9,car-train_10000_2000000_al_0.01_cl_0.01_buf_100000_bs_64_th_0.2_sig_0.2;car-train_1000_2000000_al_0.01_cl_0.01_buf_100000_bs_64_th_0.2_sig_0.2;car-train_4000_2000000_al_0.01_cl_0.01_buf_100000_bs_64_th_0.2_sig_0.2;car-train_6000_2000000_al_0.01_cl_0.01_buf_100000_bs_64_th_0.2_sig_0.2;car-train_8000_2000000_al_0.01_cl_0.01_buf_100000_bs_64_th_0.2_sig_0.2
0.01,0.001,100000,64,0.15,0.2,-50119.01064428583,,,-50119.27586757771,,-50064.49379054334,,-50064.489472021276,,-50064.49594437702,-50086.353143761036,26.773145926425567,-50119.27586757771,26.773145926425567,9,car-train_10000_2000000_al_0.01_cl_0.001_buf_100000_bs_64_th_0.15_sig_0.2;car-train_1000_2000000_al_0.01_cl_0.001_buf_100000_bs_64_th_0.15_sig_0.2;car-train_4000_2000000_al_0.01_cl_0.001_buf_100000_bs_64_th_0.15_sig_0.2;car-train_6000_2000000_al_0.01_cl_0.001_buf_100000_bs_64_th_0.15_sig_0.2;car-train_8000_2000000_al_0.01_cl_0.001_buf_100000_bs_64_th_0.15_sig_0.2
0.01,0.001,100000,64,0.2,0.1,-50119.47656881894,,,-50119.047847475274,,-50064.52492334104,,-50064.355220384794,,-50064.364626434915,-50086.353837291,26.869982024168372,-50119.47656881894,26.869982024168372,9,car-train_10000_2000000_al_0.01_cl_0.001_buf_100000_bs_64_th_0.2_sig_0.1;car-train_1000_2000000_al_0.01_cl_0.001_buf_100000_bs_64_th_0.2_sig_0.1;car-train_4000_2000000_al_0.01_cl_0.001_buf_100000_bs_64_th_0.2_sig_0.1;car-train_6000_2000000_al_0.01_cl_0.001_buf_100000_bs_64_th_0.2_sig_0.1;car-train_8000_2000000_al_0.01_cl_0.001_buf_100000_bs_64_th_0.2_sig_0.1
0.01,0.01,100000,64,0.15,0.2,-50119.02454663185,,,-50119.27585551614,,-50064.49379054334,,-50064.489472021276,,-50064.49594437702,-50086.35592181792,26.77653489987656,-50119.27585551614,26.77653489987656,9,car-train_10000_2000000_al_0.01_cl_0.01_buf_100000_bs_64_th_0.15_sig_0.2;car-train_1000_2000000_al_0.01_cl_0.01_buf_100000_bs_64_th_0.15_sig_0.2;car-train_4000_2000000_al_0.01_cl_0.01_buf_100000_bs_64_th_0.15_sig_0.2;car-train_6000_2000000_al_0.01_cl_0.01_buf_100000_bs_64_th_0.15_sig_0.2;car-train_8000_2000000_al_0.01_cl_0.01_buf_100000_bs_64_th_0.15_sig_0.2
0.001,0.0001,100000,64,0.2,0.2,-50119.02813235108,-50118.45207854307,,-50119.22102917391,,-50064.479019696955,,-50064.467114371524,-50064.41598927271,-50064.448808706904,-50087.78745315945,26.94546849811328,-50119.22102917391,26.94546849811328,11,car-train_10000_2000000_al_0.001_cl_0.0001_buf_100000_bs_64_th_0.2_sig_0.2;car-train_1000_2000000_al_0.001_cl_0.0001_buf_100000_bs_64_th_0.2_sig_0.2;car-train_2000_2000000_al_0.001_cl_0.0001_buf_100000_bs_64_th_0.2_sig_0.2;car-train_4000_2000000_al_0.001_cl_0.0001_buf_100000_bs_64_th_0.2_sig_0.2;car-train_6000_2000000_al_0.001_cl_0.0001_buf_100000_bs_64_th_0.2_sig_0.2;car-train_8000_2000000_al_0.001_cl_0.0001_buf_100000_bs_64_th_0.2_sig_0.2;car-train_9000_2000000_al_0.001_cl_0.0001_buf_100000_bs_64_th_0.2_sig_0.2
0.001,0.001,100000,64,0.25,0.2,-50119.02705227883,-50118.869359488024,,-50119.05899450536,-50064.39500755478,-50064.45939074247,,-50064.450577561096,,-50064.446694881415,-50087.81529671599,26.993933425985453,-50119.05899450536,26.993933425985453,11,car-train_10000_2000000_al_0.001_cl_0.001_buf_100000_bs_64_th_0.25_sig_0.2;car-train_1000_2000000_al_0.001_cl_0.001_buf_100000_bs_64_th_0.25_sig_0.2;car-train_2000_2000000_al_0.001_cl_0.001_buf_100000_bs_64_th_0.25_sig_0.2;car-train_4000_2000000_al_0.001_cl_0.001_buf_100000_bs_64_th_0.25_sig_0.2;car-train_5000_2000000_al_0.001_cl_0.001_buf_100000_bs_64_th_0.25_sig_0.2;car-train_6000_2000000_al_0.001_cl_0.001_buf_100000_bs_64_th_0.25_sig_0.2;car-train_8000_2000000_al_0.001_cl_0.001_buf_100000_bs_64_th_0.25_sig_0.2
0.001,0.001,100000,64,0.2,0.1,-50119.05638611608,-50119.03755858379,,-50119.04554886933,-50064.32374416719,-50064.375941434155,,-50064.35527187782,,-50064.51326165924,-50087.81538752966,27.046990783037806,-50119.05638611608,27.046990783037806,11,car-train_10000_2000000_al_0.001_cl_0.001_buf_100000_bs_64_th_0.2_sig_0.1;car-train_1000_2000000_al_0.001_cl_0.001_buf_100000_bs_64_th_0.2_sig_0.1;car-train_2000_2000000_al_0.001_cl_0.001_buf_100000_bs_64_th_0.2_sig_0.1;car-train_4000_2000000_al_0.001_cl_0.001_buf_100000_bs_64_th_0.2_sig_0.1;car-train_5000_2000000_al_0.001_cl_0.001_buf_100000_bs_64_th_0.2_sig_0.1;car-train_6000_2000000_al_0.001_cl_0.001_buf_100000_bs_64_th_0.2_sig_0.1;car-train_8000_2000000_al_0.001_cl_0.001_buf_100000_bs_64_th_0.2_sig_0.1
0.001,0.001,100000,64,0.2,0.2,-50119.04512315648,-50118.79724025382,,-50119.226204724975,-50064.42092824146,-50064.480161335254,,-50064.46703547621,,-50064.448807841174,-50087.84078586134,27.004715471230757,-50119.226204724975,27.004715471230757,11,car-train_10000_2000000_al_0.001_cl_0.001_buf_100000_bs_64_th_0.2_sig_0.2;car-train_1000_2000000_al_0.001_cl_0.001_buf_100000_bs_64_th_0.2_sig_0.2;car-train_2000_2000000_al_0.001_cl_0.001_buf_100000_bs_64_th_0.2_sig_0.2;car-train_4000_2000000_al_0.001_cl_0.001_buf_100000_bs_64_th_0.2_sig_0.2;car-train_5000_2000000_al_0.001_cl_0.001_buf_100000_bs_64_th_0.2_sig_0.2;car-train_6000_2000000_al_0.001_cl_0.001_buf_100000_bs_64_th_0.2_sig_0.2;car-train_8000_2000000_al_0.001_cl_0.001_buf_100000_bs_64_th_0.2_sig_0.2
0.0001,0.001,1000000,64,0.2,0.1,-50118.99445925489,,,,,-50060.76745439231,,,,,-50089.8809568236,29.113502431289817,-50118.99445925489,29.113502431289817,6,car-train_1000_2000000_al_0.0001_cl_0.001_buf_1000000_bs_64_th_0.2_sig_0.1;car-train_6000_2000000_al_0.0001_cl_0.001_buf_1000000_bs_64_th_0.2_sig_0.1
0.0001,0.001,100000,64,0.2,0.2,-50119.00744018651,-50118.94398326453,,-50119.19623836182,,-50060.963996699385,,-50064.464240354,,-50063.92211002317,-50091.08300148157,27.987466208502774,-50119.19623836182,27.987466208502774,10,car-train_10000_2000000_al_0.0001_cl_0.001_buf_100000_bs_64_th_0.2_sig_0.2;car-train_1000_2000000_al_0.0001_cl_0.001_buf_100000_bs_64_th_0.2_sig_0.2;car-train_2000_2000000_al_0.0001_cl_0.001_buf_100000_bs_64_th_0.2_sig_0.2;car-train_4000_2000000_al_0.0001_cl_0.001_buf_100000_bs_64_th_0.2_sig_0.2;car-train_6000_2000000_al_0.0001_cl_0.001_buf_100000_bs_64_th_0.2_sig_0.2;car-train_8000_2000000_al_0.0001_cl_0.001_buf_100000_bs_64_th_0.2_sig_0.2
0.0001,0.001,500000,64,0.2,0.1,-50118.99445925489,,-50094.18677947249,,,-50060.76745439231,,,,,-50091.3162310399,23.857578251568984,-50118.99445925489,23.857578251568984,7,car-train_1000_2000000_al_0.0001_cl_0.001_buf_500000_bs_64_th_0.2_sig_0.1;car-train_3000_2000000_al_0.0001_cl_0.001_buf_500000_bs_64_th_0.2_sig_0.1;car-train_6000_2000000_al_0.0001_cl_0.001_buf_500000_bs_64_th_0.2_sig_0.1
0.001,0.0001,1000000,64,0.15,0.1,,-50118.65899189135,,,,,,,,-50064.526994630636,-50091.592993260994,27.06599863035808,-50118.65899189135,27.06599863035808,6,car-train_10000_2000000_al_0.001_cl_0.0001_buf_1000000_bs_64_th_0.15_sig_0.1;car-train_2000_2000000_al_0.001_cl_0.0001_buf_1000000_bs_64_th_0.15_sig_0.1
0.001,0.001,1000000,64,0.25,0.2,,-50118.869359488024,,,-50064.39500755478,,,,,,-50091.632183521404,27.23717596662391,-50118.869359488024,27.23717596662391,6,car-train_2000_2000000_al_0.001_cl_0.001_buf_1000000_bs_64_th_0.25_sig_0.2;car-train_5000_2000000_al_0.001_cl_0.001_buf_1000000_bs_64_th_0.25_sig_0.2
0.0001,0.001,100000,64,0.15,0.2,-50118.96776931743,-50118.94466439115,,-50119.24682363048,,-50064.25691781025,,-50064.48677588186,,-50064.02020753059,-50091.65385976029,27.399729129015153,-50119.24682363048,27.399729129015153,10,car-train_10000_2000000_al_0.0001_cl_0.001_buf_100000_bs_64_th_0.15_sig_0.2;car-train_1000_2000000_al_0.0001_cl_0.001_buf_100000_bs_64_th_0.15_sig_0.2;car-train_2000_2000000_al_0.0001_cl_0.001_buf_100000_bs_64_th_0.15_sig_0.2;car-train_4000_2000000_al_0.0001_cl_0.001_buf_100000_bs_64_th_0.15_sig_0.2;car-train_6000_2000000_al_0.0001_cl_0.001_buf_100000_bs_64_th_0.15_sig_0.2;car-train_8000_2000000_al_0.0001_cl_0.001_buf_100000_bs_64_th_0.15_sig_0.2
0.001,0.0001,500000,64,0.25,0.1,,,,-50119.00238235859,,,-50119.07663502746,-50064.34055216066,,-50064.35380310308,-50091.69334316245,27.346178532959108,-50119.07663502746,27.346178532959108,8,car-train_10000_2000000_al_0.001_cl_0.0001_buf_500000_bs_64_th_0.25_sig_0.1;car-train_4000_2000000_al_0.001_cl_0.0001_buf_500000_bs_64_th_0.25_sig_0.1;car-train_7000_2000000_al_0.001_cl_0.0001_buf_500000_bs_64_th_0.25_sig_0.1;car-train_8000_2000000_al_0.001_cl_0.0001_buf_500000_bs_64_th_0.25_sig_0.1
0.001,0.01,1000000,64,0.2,0.1,,,,,-50119.103541542216,,,-50064.355271500164,,,-50091.72940652119,27.374135021025722,-50119.103541542216,27.374135021025722,6,car-train_5000_2000000_al_0.001_cl_0.01_buf_1000000_bs_64_th_0.2_sig_0.1;car-train_8000_2000000_al_0.001_cl_0.01_buf_1000000_bs_64_th_0.2_sig_0.1
0.001,0.001,1000000,64,0.15,0.1,,,,-50119.128450412856,-50064.3369526658,,,,,,-50091.732701539324,27.395748873528646,-50119.128450412856,27.395748873528646,6,car-train_4000_2000000_al_0.001_cl_0.001_buf_1000000_bs_64_th_0.15_sig_0.1;car-train_5000_2000000_al_0.001_cl_0.001_buf_1000000_bs_64_th_0.15_sig_0.1
0.001,0.001,500000,64,0.25,0.2,-50119.02705227883,,,-50119.05899417854,-50064.39500755478,,,-50064.450577561096,,,-50091.73290789331,27.310124737360358,-50119.05899417854,27.310124737360358,8,car-train_1000_2000000_al_0.001_cl_0.001_buf_500000_bs_64_th_0.25_sig_0.2;car-train_4000_2000000_al_0.001_cl_0.001_buf_500000_bs_64_th_0.25_sig_0.2;car-train_5000_2000000_al_0.001_cl_0.001_buf_500000_bs_64_th_0.25_sig_0.2;car-train_8000_2000000_al_0.001_cl_0.001_buf_500000_bs_64_th_0.25_sig_0.2
0.0001,0.001,500000,64,0.2,0.2,-50119.00744018651,,,,,,,-50064.464240354,,,-50091.73584027025,27.2715999162574,-50119.00744018651,27.2715999162574,6,car-train_1000_2000000_al_0.0001_cl_0.001_buf_500000_bs_64_th_0.2_sig_0.2;car-train_8000_2000000_al_0.0001_cl_0.001_buf_500000_bs_64_th_0.2_sig_0.2
0.001,0.0001,500000,64,0.2,0.1,-50119.04399491399,,,-50119.0362502762,,,,-50064.35523093569,,-50064.51325200633,-50091.737182033045,27.302997860386345,-50119.04399491399,27.302997860386345,8,car-train_10000_2000000_al_0.001_cl_0.0001_buf_500000_bs_64_th_0.2_sig_0.1;car-train_1000_2000000_al_0.001_cl_0.0001_buf_500000_bs_64_th_0.2_sig_0.1;car-train_4000_2000000_al_0.001_cl_0.0001_buf_500000_bs_64_th_0.2_sig_0.1;car-train_8000_2000000_al_0.001_cl_0.0001_buf_500000_bs_64_th_0.2_sig_0.1
0.001,0.001,100000,64,0.15,0.2,-50118.92802988298,-50118.806257366385,,-50119.278084040394,,-50064.49378747065,,-50064.48948401384,,-50064.49593199758,-50091.7485957953,27.255894916078503,-50119.278084040394,27.255894916078503,10,car-train_10000_2000000_al_0.001_cl_0.001_buf_100000_bs_64_th_0.15_sig_0.2;car-train_1000_2000000_al_0.001_cl_0.001_buf_100000_bs_64_th_0.15_sig_0.2;car-train_2000_2000000_al_0.001_cl_0.001_buf_100000_bs_64_th_0.15_sig_0.2;car-train_4000_2000000_al_0.001_cl_0.001_buf_100000_bs_64_th_0.15_sig_0.2;car-train_6000_2000000_al_0.001_cl_0.001_buf_100000_bs_64_th_0.15_sig_0.2;car-train_8000_2000000_al_0.001_cl_0.001_buf_100000_bs_64_th_0.15_sig_0.2
0.001,0.01,1000000,64,0.25,0.2,,,,-50119.05895553358,,,,,,-50064.44669390225,-50091.752824717914,27.3061308156648,-50119.05895553358,27.3061308156648,6,car-train_10000_2000000_al_0.001_cl_0.01_buf_1000000_bs_64_th_0.25_sig_0.2;car-train_4000_2000000_al_0.001_cl_0.01_buf_1000000_bs_64_th_0.25_sig_0.2
0.001,0.0001,100000,64,0.25,0.1,-50119.45343230877,,,-50119.00238235859,,,-50119.07663502746,-50064.34055216066,-50064.32420205694,-50064.35380310308,-50091.75850116925,27.419338924367384,-50119.45343230877,27.419338924367384,10,car-train_10000_2000000_al_0.001_cl_0.0001_buf_100000_bs_64_th_0.25_sig_0.1;car-train_1000_2000000_al_0.001_cl_0.0001_buf_100000_bs_64_th_0.25_sig_0.1;car-train_4000_2000000_al_0.001_cl_0.0001_buf_100000_bs_64_th_0.25_sig_0.1;car-train_7000_2000000_al_0.001_cl_0.0001_buf_100000_bs_64_th_0.25_sig_0.1;car-train_8000_2000000_al_0.001_cl_0.0001_buf_100000_bs_64_th_0.25_sig_0.1;car-train_9000_2000000_al_0.001_cl_0.0001_buf_100000_bs_64_th_0.25_sig_0.1
0.001,0.01,500000,64,0.2,0.1,,,,-50119.04768630406,-50119.103541542216,-50064.375940450656,,,,-50064.513260436746,-50091.760107183414,27.315557023807397,-50119.103541542216,27.315557023807397,8,car-train_10000_2000000_al_0.001_cl_0.01_buf_500000_bs_64_th_0.2_sig_0.1;car-train_4000_2000000_al_0.001_cl_0.01_buf_500000_bs_64_th_0.2_sig_0.1;car-train_5000_2000000_al_0.001_cl_0.01_buf_500000_bs_64_th_0.2_sig_0.1;car-train_6000_2000000_al_0.001_cl_0.01_buf_500000_bs_64_th_0.2_sig_0.1
0.001,0.01,100000,64,0.2,0.2,-50119.05986456077,-50118.940724811,,-50119.21942395211,,-50064.48016070969,,-50064.467035078625,,-50064.44880659569,-50091.769335951314,27.30412269902875,-50119.21942395211,27.30412269902875,10,car-train_10000_2000000_al_0.001_cl_0.01_buf_100000_bs_64_th_0.2_sig_0.2;car-train_1000_2000000_al_0.001_cl_0.01_buf_100000_bs_64_th_0.2_sig_0.2;car-train_2000_2000000_al_0.001_cl_0.01_buf_100000_bs_64_th_0.2_sig_0.2;car-train_4000_2000000_al_0.001_cl_0.01_buf_100000_bs_64_th_0.2_sig_0.2;car-train_6000_2000000_al_0.001_cl_0.01_buf_100000_bs_64_th_0.2_sig_0.2;car-train_8000_2000000_al_0.001_cl_0.01_buf_100000_bs_64_th_0.2_sig_0.2
0.001,0.01,500000,64,0.15,0.2,,-50118.95688894693,,-50119.27804467493,,-50064.49414094291,,,,-50064.49592937241,-50091.80625098429,27.311451864631735,-50119.27804467493,27.311451864631735,8,car-train_10000_2000000_al_0.001_cl_0.01_buf_500000_bs_64_th_0.15_sig_0.2;car-train_2000_2000000_al_0.001_cl_0.01_buf_500000_bs_64_th_0.15_sig_0.2;car-train_4000_2000000_al_0.001_cl_0.01_buf_500000_bs_64_th_0.15_sig_0.2;car-train_6000_2000000_al_0.001_cl_0.01_buf_500000_bs_64_th_0.15_sig_0.2
0.001,0.0001,500000,64,0.15,0.2,-50119.00309280174,,,-50119.27588548907,,,,-50064.48972022072,,-50064.49592878921,-50091.81615682518,27.32350262833571,-50119.27588548907,27.32350262833571,8,car-train_10000_2000000_al_0.001_cl_0.0001_buf_500000_bs_64_th_0.15_sig_0.2;car-train_1000_2000000_al_0.001_cl_0.0001_buf_500000_bs_64_th_0.15_sig_0.2;car-train_4000_2000000_al_0.001_cl_0.0001_buf_500000_bs_64_th_0.15_sig_0.2;car-train_8000_2000000_al_0.001_cl_0.0001_buf_500000_bs_64_th_0.15_sig_0.2
0.001,0.01,1000000,64,0.15,0.1,,,,,-50119.26712207287,,,-50064.37881680537,,,-50091.82296943912,27.44415263375049,-50119.26712207287,27.44415263375049,6,car-train_5000_2000000_al_0.001_cl_0.01_buf_1000000_bs_64_th_0.15_sig_0.1;car-train_8000_2000000_al_0.001_cl_0.01_buf_1000000_bs_64_th_0.15_sig_0.1
0.001,0.001,1000000,64,0.2,0.2,,,,-50119.226204724975,-50064.42092824146,,,,,,-50091.82356648322,27.402638241757813,-50119.226204724975,27.402638241757813,6,car-train_4000_2000000_al_0.001_cl_0.001_buf_1000000_bs_64_th_0.2_sig_0.2;car-train_5000_2000000_al_0.001_cl_0.001_buf_1000000_bs_64_th_0.2_sig_0.2
0.001,0.001,1000000,64,0.25,0.1,-50119.45117055407,,,,-50064.470127785564,,,,,,-50091.96064916982,27.490521384253952,-50119.45117055407,27.490521384253952,6,car-train_1000_2000000_al_0.001_cl_0.001_buf_1000000_bs_64_th_0.25_sig_0.1;car-train_5000_2000000_al_0.001_cl_0.001_buf_1000000_bs_64_th_0.25_sig_0.1
0.0001,0.01,1000000,64,0.15,0.2,,-50064.79908834235,,-50119.24628281656,,,,,,,-50092.02268557945,27.223597237105423,-50119.24628281656,27.223597237105423,6,car-train_2000_2000000_al_0.0001_cl_0.01_buf_1000000_bs_64_th_0.15_sig_0.2;car-train_4000_2000000_al_0.0001_cl_0.01_buf_1000000_bs_64_th_0.15_sig_0.2
0.0001,0.01,1000000,64,0.2,0.2,,,,,,-50064.82557530646,,,,-50119.23586188693,-50092.030718596696,27.205143290237174,-50119.23586188693,27.205143290237174,6,car-train_10000_2000000_al_0.0001_cl_0.01_buf_1000000_bs_64_th_0.2_sig_0.2;car-train_6000_2000000_al_0.0001_cl_0.01_buf_1000000_bs_64_th_0.2_sig_0.2
0.0001,0.01,1000000,64,0.25,0.2,,,,-50119.032286746144,-50065.145217558726,,,,,,-50092.088752152435,26.943534593709046,-50119.032286746144,26.943534593709046,6,car-train_4000_2000000_al_0.0001_cl_0.01_buf_1000000_bs_64_th_0.25_sig_0.2;car-train_5000_2000000_al_0.0001_cl_0.01_buf_1000000_bs_64_th_0.25_sig_0.2
0.01,0.0001,1000000,64,0.2,0.2,,,,,,-50119.804715848055,,-50064.467066200574,,,-50092.135891024314,27.66882482374058,-50119.804715848055,27.66882482374058,6,car-train_6000_2000000_al_0.01_cl_0.0001_buf_1000000_bs_64_th_0.2_sig_0.2;car-train_8000_2000000_al_0.01_cl_0.0001_buf_1000000_bs_64_th_0.2_sig_0.2
0.0001,0.01,100000,64,0.15,0.1,-50119.30886082739,-50073.26933042404,,-50119.095326082126,,-50064.59048273411,,-50064.37630364102,,-50119.28177177285,-50093.32034591359,26.073466673707088,-50119.30886082739,26.073466673707088,10,car-train_10000_2000000_al_0.0001_cl_0.01_buf_100000_bs_64_th_0.15_sig_0.1;car-train_1000_2000000_al_0.0001_cl_0.01_buf_100000_bs_64_th_0.15_sig_0.1;car-train_2000_2000000_al_0.0001_cl_0.01_buf_100000_bs_64_th_0.15_sig_0.1;car-train_4000_2000000_al_0.0001_cl_0.01_buf_100000_bs_64_th_0.15_sig_0.1;car-train_6000_2000000_al_0.0001_cl_0.01_buf_100000_bs_64_th_0.15_sig_0.1;car-train_8000_2000000_al_0.0001_cl_0.01_buf_100000_bs_64_th_0.15_sig_0.1
0.001,0.01,100000,64,0.25,0.1,-50119.028805341724,-50119.12966279499,,-50118.99481713849,-50119.10862433967,-50064.36581902345,,-50064.489477961004,,-50064.3538115212,-50095.63871687436,27.05095531074269,-50119.12966279499,27.05095531074269,11,car-train_10000_2000000_al_0.001_cl_0.01_buf_100000_bs_64_th_0.25_sig_0.1;car-train_1000_2000000_al_0.001_cl_0.01_buf_100000_bs_64_th_0.25_sig_0.1;car-train_2000_2000000_al_0.001_cl_0.01_buf_100000_bs_64_th_0.25_sig_0.1;car-train_4000_2000000_al_0.001_cl_0.01_buf_100000_bs_64_th_0.25_sig_0.1;car-train_5000_2000000_al_0.001_cl_0.01_buf_100000_bs_64_th_0.25_sig_0.1;car-train_6000_2000000_al_0.001_cl_0.01_buf_100000_bs_64_th_0.25_sig_0.1;car-train_8000_2000000_al_0.001_cl_0.01_buf_100000_bs_64_th_0.25_sig_0.1
0.001,0.01,100000,64,0.25,0.2,-50119.05542344139,-50119.027597525084,,-50119.05895553358,-50119.165694861644,-50064.45939055858,,-50064.45057720281,,-50064.44669390225,-50095.66633328934,27.03224413472287,-50119.165694861644,27.03224413472287,11,car-train_10000_2000000_al_0.001_cl_0.01_buf_100000_bs_64_th_0.25_sig_0.2;car-train_1000_2000000_al_0.001_cl_0.01_buf_100000_bs_64_th_0.25_sig_0.2;car-train_2000_2000000_al_0.001_cl_0.01_buf_100000_bs_64_th_0.25_sig_0.2;car-train_4000_2000000_al_0.001_cl_0.01_buf_100000_bs_64_th_0.25_sig_0.2;car-train_5000_2000000_al_0.001_cl_0.01_buf_100000_bs_64_th_0.25_sig_0.2;car-train_6000_2000000_al_0.001_cl_0.01_buf_100000_bs_64_th_0.25_sig_0.2;car-train_8000_2000000_al_0.001_cl_0.01_buf_100000_bs_64_th_0.25_sig_0.2
0.001,0.01,100000,64,0.15,0.1,-50119.108456544665,-50119.02687835028,,-50119.12840967376,-50119.26712207287,-50064.39063759127,,-50064.37881680537,,-50064.37797135055,-50095.66832748411,27.094421834559267,-50119.26712207287,27.094421834559267,11,car-train_10000_2000000_al_0.001_cl_0.01_buf_100000_bs_64_th_0.15_sig_0.1;car-train_1000_2000000_al_0.001_cl_0.01_buf_100000_bs_64_th_0.15_sig_0.1;car-train_2000_2000000_al_0.001_cl_0.01_buf_100000_bs_64_th_0.15_sig_0.1;car-train_4000_2000000_al_0.001_cl_0.01_buf_100000_bs_64_th_0.15_sig_0.1;car-train_5000_2000000_al_0.001_cl_0.01_buf_100000_bs_64_th_0.15_sig_0.1;car-train_6000_2000000_al_0.001_cl_0.01_buf_100000_bs_64_th_0.15_sig_0.1;car-train_8000_2000000_al_0.001_cl_0.01_buf_100000_bs_64_th_0.15_sig_0.1
0.001,0.01,100000,64,0.15,0.2,-50119.02132195046,-50118.96318991431,,-50119.27804467493,-50119.25485538297,-50064.49414094291,,-50064.4894834956,,-50064.49592937241,-50095.71385224765,27.038095151134996,-50119.27804467493,27.038095151134996,11,car-train_10000_2000000_al_0.001_cl_0.01_buf_100000_bs_64_th_0.15_sig_0.2;car-train_1000_2000000_al_0.001_cl_0.01_buf_100000_bs_64_th_0.15_sig_0.2;car-train_2000_2000000_al_0.001_cl_0.01_buf_100000_bs_64_th_0.15_sig_0.2;car-train_4000_2000000_al_0.001_cl_0.01_buf_100000_bs_64_th_0.15_sig_0.2;car-train_5000_2000000_al_0.001_cl_0.01_buf_100000_bs_64_th_0.15_sig_0.2;car-train_6000_2000000_al_0.001_cl_0.01_buf_100000_bs_64_th_0.15_sig_0.2;car-train_8000_2000000_al_0.001_cl_0.01_buf_100000_bs_64_th_0.15_sig_0.2
0.0001,0.01,100000,64,0.25,0.2,-50119.442877697424,-50118.63304333504,,-50119.032286746144,-50065.145217558726,-50064.68180619512,,-50064.447732219436,,-50119.14015489966,-50095.78901695023,26.874993780045997,-50119.442877697424,26.874993780045997,11,car-train_10000_2000000_al_0.0001_cl_0.01_buf_100000_bs_64_th_0.25_sig_0.2;car-train_1000_2000000_al_0.0001_cl_0.01_buf_100000_bs_64_th_0.25_sig_0.2;car-train_2000_2000000_al_0.0001_cl_0.01_buf_100000_bs_64_th_0.25_sig_0.2;car-train_4000_2000000_al_0.0001_cl_0.01_buf_100000_bs_64_th_0.25_sig_0.2;car-train_5000_2000000_al_0.0001_cl_0.01_buf_100000_bs_64_th_0.25_sig_0.2;car-train_6000_2000000_al_0.0001_cl_0.01_buf_100000_bs_64_th_0.25_sig_0.2;car-train_8000_2000000_al_0.0001_cl_0.01_buf_100000_bs_64_th_0.25_sig_0.2
0.001,0.01,100000,64,0.2,0.1,-50119.059416271935,-50119.10760765068,,-50119.04768630406,-50119.103541542216,-50064.37594044365,-50118.22155868811,-50064.355271500164,,-50064.513260436746,-50098.4730353547,26.382813720497776,-50119.10760765068,26.382813720497776,12,car-train_10000_2000000_al_0.001_cl_0.01_buf_100000_bs_64_th_0.2_sig_0.1;car-train_1000_2000000_al_0.001_cl_0.01_buf_100000_bs_64_th_0.2_sig_0.1;car-train_2000_2000000_al_0.001_cl_0.01_buf_100000_bs_64_th_0.2_sig_0.1;car-train_4000_2000000_al_0.001_cl_0.01_buf_100000_bs_64_th_0.2_sig_0.1;car-train_5000_2000000_al_0.001_cl_0.01_buf_100000_bs_64_th_0.2_sig_0.1;car-train_6000_2000000_al_0.001_cl_0.01_buf_100000_bs_64_th_0.2_sig_0.1;car-train_7000_2000000_al_0.001_cl_0.01_buf_100000_bs_64_th_0.2_sig_0.1;car-train_8000_2000000_al_0.001_cl_0.01_buf_100000_bs_64_th_0.2_sig_0.1
0.0001,0.01,500000,64,0.2,0.1,,-50113.6621413121,,-50119.01954143097,,,,-50064.352679879376,,,-50099.01145420748,24.60485605801467,-50119.01954143097,24.60485605801467,7,car-train_2000_2000000_al_0.0001_cl_0.01_buf_500000_bs_64_th_0.2_sig_0.1;car-train_4000_2000000_al_0.0001_cl_0.01_buf_500000_bs_64_th_0.2_sig_0.1;car-train_8000_2000000_al_0.0001_cl_0.01_buf_500000_bs_64_th_0.2_sig_0.1
0.0001,0.0001,500000,64,0.2,0.2,-50116.44772194866,,,,,-50117.167434948526,,-50064.46584014215,,,-50099.36033234644,24.675881427652,-50117.167434948526,24.675881427652,7,car-train_1000_2000000_al_0.0001_cl_0.0001_buf_500000_bs_64_th_0.2_sig_0.2;car-train_6000_2000000_al_0.0001_cl_0.0001_buf_500000_bs_64_th_0.2_sig_0.2;car-train_8000_2000000_al_0.0001_cl_0.0001_buf_500000_bs_64_th_0.2_sig_0.2
0.0001,0.01,100000,64,0.2,0.1,-50119.1667792555,-50113.6621413121,,-50119.01954143097,,-50064.60713955989,,-50064.352679879376,,-50119.193852173776,-50100.00035560193,25.191111034551803,-50119.193852173776,25.191111034551803,10,car-train_10000_2000000_al_0.0001_cl_0.01_buf_100000_bs_64_th_0.2_sig_0.1;car-train_1000_2000000_al_0.0001_cl_0.01_buf_100000_bs_64_th_0.2_sig_0.1;car-train_2000_2000000_al_0.0001_cl_0.01_buf_100000_bs_64_th_0.2_sig_0.1;car-train_4000_2000000_al_0.0001_cl_0.01_buf_100000_bs_64_th_0.2_sig_0.1;car-train_6000_2000000_al_0.0001_cl_0.01_buf_100000_bs_64_th_0.2_sig_0.1;car-train_8000_2000000_al_0.0001_cl_0.01_buf_100000_bs_64_th_0.2_sig_0.1
0.001,0.0001,500000,64,0.2,0.2,,-50118.45207854307,,-50119.22102917391,,,,,,-50064.448808706904,-50100.707305474636,25.640550724188202,-50119.22102917391,25.640550724188202,7,car-train_10000_2000000_al_0.001_cl_0.0001_buf_500000_bs_64_th_0.2_sig_0.2;car-train_2000_2000000_al_0.001_cl_0.0001_buf_500000_bs_64_th_0.2_sig_0.2;car-train_4000_2000000_al_0.001_cl_0.0001_buf_500000_bs_64_th_0.2_sig_0.2
0.001,0.001,500000,64,0.2,0.1,,-50119.03755858041,,-50119.04554886933,,,,-50064.35527187782,,,-50100.81279310919,25.77936069433247,-50119.04554886933,25.77936069433247,7,car-train_2000_2000000_al_0.001_cl_0.001_buf_500000_bs_64_th_0.2_sig_0.1;car-train_4000_2000000_al_0.001_cl_0.001_buf_500000_bs_64_th_0.2_sig_0.1;car-train_8000_2000000_al_0.001_cl_0.001_buf_500000_bs_64_th_0.2_sig_0.1
0.001,0.01,500000,64,0.25,0.2,,-50119.027597525084,,-50119.05895553358,,-50064.45939055858,,,,,-50100.848647872415,25.731093793574892,-50119.05895553358,25.731093793574892,7,car-train_2000_2000000_al_0.001_cl_0.01_buf_500000_bs_64_th_0.25_sig_0.2;car-train_4000_2000000_al_0.001_cl_0.01_buf_500000_bs_64_th_0.25_sig_0.2;car-train_6000_2000000_al_0.001_cl_0.01_buf_500000_bs_64_th_0.25_sig_0.2
0.001,0.001,500000,64,0.15,0.2,,-50118.806257366385,,-50119.278084040394,,-50064.49378747065,,,,,-50100.85937629248,25.715075900738334,-50119.278084040394,25.715075900738334,7,car-train_2000_2000000_al_0.001_cl_0.001_buf_500000_bs_64_th_0.15_sig_0.2;car-train_4000_2000000_al_0.001_cl_0.001_buf_500000_bs_64_th_0.15_sig_0.2;car-train_6000_2000000_al_0.001_cl_0.001_buf_500000_bs_64_th_0.15_sig_0.2
0.01,0.001,500000,64,0.15,0.1,-50119.09163173281,,,-50119.12571954024,,,,-50064.37881260987,,,-50100.86538796098,25.79990860621231,-50119.12571954024,25.79990860621231,7,car-train_1000_2000000_al_0.01_cl_0.001_buf_500000_bs_64_th_0.15_sig_0.1;car-train_4000_2000000_al_0.01_cl_0.001_buf_500000_bs_64_th_0.15_sig_0.1;car-train_8000_2000000_al_0.01_cl_0.001_buf_500000_bs_64_th_0.15_sig_0.1
0.001,0.001,500000,64,0.15,0.1,-50119.10592748545,,,-50119.128450412856,,,,,,-50064.377974427356,-50100.870784108556,25.80431482835957,-50119.128450412856,25.80431482835957,7,car-train_10000_2000000_al_0.001_cl_0.001_buf_500000_bs_64_th_0.15_sig_0.1;car-train_1000_2000000_al_0.001_cl_0.001_buf_500000_bs_64_th_0.15_sig_0.1;car-train_4000_2000000_al_0.001_cl_0.001_buf_500000_bs_64_th_0.15_sig_0.1
0.0001,0.001,500000,64,0.15,0.2,-50118.96776931743,,,-50119.24682363048,,,,-50064.48677588186,,,-50100.900456276584,25.74861236059919,-50119.24682363048,25.74861236059919,7,car-train_1000_2000000_al_0.0001_cl_0.001_buf_500000_bs_64_th_0.15_sig_0.2;car-train_4000_2000000_al_0.0001_cl_0.001_buf_500000_bs_64_th_0.15_sig_0.2;car-train_8000_2000000_al_0.0001_cl_0.001_buf_500000_bs_64_th_0.15_sig_0.2
0.01,0.01,500000,64,0.2,0.2,-50119.05533399497,,,-50119.22744649277,,-50064.48014781386,,,,,-50100.920976100526,25.767652594444694,-50119.22744649277,25.767652594444694,7,car-train_1000_2000000_al_0.01_cl_0.01_buf_500000_bs_64_th_0.2_sig_0.2;car-train_4000_2000000_al_0.01_cl_0.01_buf_500000_bs_64_th_0.2_sig_0.2;car-train_6000_2000000_al_0.01_cl_0.01_buf_500000_bs_64_th_0.2_sig_0.2
0.0001,0.01,100000,64,0.2,0.2,-50119.32984351056,-50118.92293569206,,-50119.19619411096,,-50064.82557530646,,-50064.61334917965,,-50119.23586188693,-50101.02062661443,25.669170006429862,-50119.32984351056,25.669170006429862,10,car-train_10000_2000000_al_0.0001_cl_0.01_buf_100000_bs_64_th_0.2_sig_0.2;car-train_1000_2000000_al_0.0001_cl_0.01_buf_100000_bs_64_th_0.2_sig_0.2;car-train_2000_2000000_al_0.0001_cl_0.01_buf_100000_bs_64_th_0.2_sig_0.2;car-train_4000_2000000_al_0.0001_cl_0.01_buf_100000_bs_64_th_0.2_sig_0.2;car-train_6000_2000000_al_0.0001_cl_0.01_buf_100000_bs_64_th_0.2_sig_0.2;car-train_8000_2000000_al_0.0001_cl_0.01_buf_100000_bs_64_th_0.2_sig_0.2
0.0001,0.01,500000,64,0.15,0.2,,,,-50119.24628326821,,-50064.65552407994,,,,-50119.334156923665,-50101.07865475727,25.755067678655283,-50119.334156923665,25.755067678655283,7,car-train_10000_2000000_al_0.0001_cl_0.01_buf_500000_bs_64_th_0.15_sig_0.2;car-train_4000_2000000_al_0.0001_cl_0.01_buf_500000_bs_64_th_0.15_sig_0.2;car-train_6000_2000000_al_0.0001_cl_0.01_buf_500000_bs_64_th_0.15_sig_0.2
0.0001,0.01,100000,64,0.15,0.2,-50119.19343948641,-50122.98284255518,,-50119.24628326821,,-50064.65552408446,,-50064.63530156276,,-50119.334156923665,-50101.674591313444,26.21671398085006,-50122.98284255518,26.21671398085006,10,car-train_10000_2000000_al_0.0001_cl_0.01_buf_100000_bs_64_th_0.15_sig_0.2;car-train_1000_2000000_al_0.0001_cl_0.01_buf_100000_bs_64_th_0.15_sig_0.2;car-train_2000_2000000_al_0.0001_cl_0.01_buf_100000_bs_64_th_0.15_sig_0.2;car-train_4000_2000000_al_0.0001_cl_0.01_buf_100000_bs_64_th_0.15_sig_0.2;car-train_6000_2000000_al_0.0001_cl_0.01_buf_100000_bs_64_th_0.15_sig_0.2;car-train_8000_2000000_al_0.0001_cl_0.01_buf_100000_bs_64_th_0.15_sig_0.2
0.0001,0.01,500000,64,0.2,0.2,,-50118.92293569206,,-50119.19619411096,,,,-50064.61334917965,,-50119.23586188693,-50105.492085217404,23.601656733296224,-50119.23586188693,23.601656733296224,8,car-train_10000_2000000_al_0.0001_cl_0.01_buf_500000_bs_64_th_0.2_sig_0.2;car-train_2000_2000000_al_0.0001_cl_0.01_buf_500000_bs_64_th_0.2_sig_0.2;car-train_4000_2000000_al_0.0001_cl_0.01_buf_500000_bs_64_th_0.2_sig_0.2;car-train_8000_2000000_al_0.0001_cl_0.01_buf_500000_bs_64_th_0.2_sig_0.2
0.0001,0.01,100000,64,0.25,0.1,-50118.999352702944,-50116.22538339917,,-50118.96640694342,,-50064.69220373817,,,,-50119.202443459304,-50107.617158048604,21.490611391547155,-50119.202443459304,21.490611391547155,9,car-train_10000_2000000_al_0.0001_cl_0.01_buf_100000_bs_64_th_0.25_sig_0.1;car-train_1000_2000000_al_0.0001_cl_0.01_buf_100000_bs_64_th_0.25_sig_0.1;car-train_2000_2000000_al_0.0001_cl_0.01_buf_100000_bs_64_th_0.25_sig_0.1;car-train_4000_2000000_al_0.0001_cl_0.01_buf_100000_bs_64_th_0.25_sig_0.1;car-train_6000_2000000_al_0.0001_cl_0.01_buf_100000_bs_64_th_0.25_sig_0.1
0.0001,0.0001,1000000,64,0.25,0.2,-50113.19347001473,,,,,,,,,,-50113.19347001473,0.0,-50113.19347001473,0.0,5,car-train_1000_2000000_al_0.0001_cl_0.0001_buf_1000000_bs_64_th_0.25_sig_0.2
0.0001,0.01,500000,64,0.25,0.1,,-50116.22538339917,,-50118.96640694342,,,,,,-50119.202443459304,-50118.1314112673,1.3512056307284201,-50119.202443459304,1.3512056307284201,7,car-train_10000_2000000_al_0.0001_cl_0.01_buf_500000_bs_64_th_0.25_sig_0.1;car-train_2000_2000000_al_0.0001_cl_0.01_buf_500000_bs_64_th_0.25_sig_0.1;car-train_4000_2000000_al_0.0001_cl_0.01_buf_500000_bs_64_th_0.25_sig_0.1
0.01,0.001,1000000,64,0.25,0.1,-50119.01026464764,,,,,,,,,,-50119.01026464764,0.0,-50119.01026464764,0.0,5,car-train_1000_2000000_al_0.01_cl_0.001_buf_1000000_bs_64_th_0.25_sig_0.1
0.01,0.001,1000000,64,0.15,0.2,-50119.01064428583,,,,,,,,,,-50119.01064428583,0.0,-50119.01064428583,0.0,5,car-train_1000_2000000_al_0.01_cl_0.001_buf_1000000_bs_64_th_0.15_sig_0.2
0.01,0.001,500000,64,0.15,0.2,-50119.01064428583,,,,,,,,,,-50119.01064428583,0.0,-50119.01064428583,0.0,5,car-train_1000_2000000_al_0.01_cl_0.001_buf_500000_bs_64_th_0.15_sig_0.2
0.0001,0.001,1000000,64,0.25,0.2,,,,-50119.02993155922,,,,,,,-50119.02993155922,0.0,-50119.02993155922,0.0,5,car-train_4000_2000000_al_0.0001_cl_0.001_buf_1000000_bs_64_th_0.25_sig_0.2
0.0001,0.0001,1000000,64,0.2,0.1,-50119.03156265772,,,,,,,,,,-50119.03156265772,0.0,-50119.03156265772,0.0,5,car-train_1000_2000000_al_0.0001_cl_0.0001_buf_1000000_bs_64_th_0.2_sig_0.1
0.001,0.0001,1000000,64,0.25,0.2,-50119.044795278445,,,,,,,,,,-50119.044795278445,0.0,-50119.044795278445,0.0,5,car-train_1000_2000000_al_0.001_cl_0.0001_buf_1000000_bs_64_th_0.25_sig_0.2
0.001,0.001,1000000,64,0.2,0.1,-50119.05638611608,-50119.03755858379,,,,,,,,,-50119.046972349934,0.009413766143552493,-50119.05638611608,0.009413766143552493,6,car-train_1000_2000000_al_0.001_cl_0.001_buf_1000000_bs_64_th_0.2_sig_0.1;car-train_2000_2000000_al_0.001_cl_0.001_buf_1000000_bs_64_th_0.2_sig_0.1
0.01,0.001,1000000,64,0.2,0.1,,,,-50119.047847475274,,,,,,,-50119.047847475274,0.0,-50119.047847475274,0.0,5,car-train_4000_2000000_al_0.01_cl_0.001_buf_1000000_bs_64_th_0.2_sig_0.1
0.001,0.01,1000000,64,0.2,0.2,,-50118.92447502894,,-50119.21942395211,,,,,,,-50119.07194949053,0.14747446158435196,-50119.21942395211,0.14747446158435196,6,car-train_2000_2000000_al_0.001_cl_0.01_buf_1000000_bs_64_th_0.2_sig_0.2;car-train_4000_2000000_al_0.001_cl_0.01_buf_1000000_bs_64_th_0.2_sig_0.2
0.001,0.0001,1000000,64,0.25,0.1,,,,,,,-50119.07663502746,,,,-50119.07663502746,0.0,-50119.07663502746,0.0,5,car-train_7000_2000000_al_0.001_cl_0.0001_buf_1000000_bs_64_th_0.25_sig_0.1
0.0001,0.01,1000000,64,0.15,0.1,,,,-50119.095325759656,,,,,,,-50119.095325759656,0.0,-50119.095325759656,0.0,5,car-train_4000_2000000_al_0.0001_cl_0.01_buf_1000000_bs_64_th_0.15_sig_0.1
0.001,0.01,1000000,64,0.25,0.1,,,,,-50119.10862433967,,,,,,-50119.10862433967,0.0,-50119.10862433967,0.0,5,car-train_5000_2000000_al_0.001_cl_0.01_buf_1000000_bs_64_th_0.25_sig_0.1
0.0001,0.001,1000000,64,0.15,0.1,,,,-50119.10918155436,,,,,,,-50119.10918155436,0.0,-50119.10918155436,0.0,5,car-train_4000_2000000_al_0.0001_cl_0.001_buf_1000000_bs_64_th_0.15_sig_0.1
0.0001,0.01,1000000,64,0.25,0.1,,,,,,,,,,-50119.202443459304,-50119.202443459304,0.0,-50119.202443459304,0.0,5,car-train_10000_2000000_al_0.0001_cl_0.01_buf_1000000_bs_64_th_0.25_sig_0.1
0.001,0.0001,1000000,64,0.2,0.2,,,,-50119.22102917391,,,,,,,-50119.22102917391,0.0,-50119.22102917391,0.0,5,car-train_4000_2000000_al_0.001_cl_0.0001_buf_1000000_bs_64_th_0.2_sig_0.2
0.01,0.001,1000000,64,0.2,0.2,,,,-50119.22745851155,,,,,,,-50119.22745851155,0.0,-50119.22745851155,0.0,5,car-train_4000_2000000_al_0.01_cl_0.001_buf_1000000_bs_64_th_0.2_sig_0.2
0.01,0.0001,1000000,64,0.25,0.2,,,,,,-50119.33309513043,,,,,-50119.33309513043,0.0,-50119.33309513043,0.0,5,car-train_6000_2000000_al_0.01_cl_0.0001_buf_1000000_bs_64_th_0.25_sig_0.2
