step_size,num_minibatches,rollout_steps,entropy_coef,auc_seed_10000,auc_seed_20000,auc_seed_30000,auc_seed_40000,auc_seed_50000,mean_auc,std_auc,min_auc,max_auc,n_seeds
3.0000000000000014e-05,72,2750,0.05,257127.8630648228,64226.066768392855,-28384.059241770825,60464.1121554634,-32203.793547874495,64246.03783980674,104976.7657369133,-32203.793547874495,257127.8630648228,9
9.48683298050514e-05,16,5000,0.05,-20623.90647221619,216835.00110302705,-23739.39814582699,-21264.432163799996,-17375.28523205417,26766.39581782594,95055.98259195682,-23739.39814582699,216835.00110302705,9
3.0000000000000014e-05,100,3875,0.05,-45528.86149897006,99000.52413674118,41252.131874918115,-36240.35452289099,48871.1958987905,21470.927177717746,54721.975308162975,-45528.86149897006,99000.52413674118,9
3.0000000000000014e-05,44,1625,0.05,-31573.613881862562,91992.86175495961,-29453.769259137076,-34533.302669684075,89476.08294075569,17181.651777006315,60082.571272814246,-34533.302669684075,91992.86175495961,9
3.0000000000000014e-05,44,2750,0.05,-36054.81767767297,138826.168491115,-16130.006962316515,-25616.014994144534,-20826.528914763756,8039.759988443446,65726.04945949044,-36054.81767767297,138826.168491115,9
3.0000000000000014e-05,72,5000,0.05,7598.10802484829,94415.32869243283,-19815.190578018817,-27539.752988036627,-27377.185569417932,5456.26151636155,46311.38445559661,-27539.752988036627,94415.32869243283,9
3.0000000000000014e-05,16,500,0.05,-31430.519267885466,141355.94763408304,-39873.40339113055,-35829.27530740789,-15688.347495435837,3706.8804344446617,69311.50867552313,-39873.40339113055,141355.94763408304,9
9.48683298050514e-05,16,3875,0.05,-22610.247547076837,92584.68427314481,-15692.629696711158,-20973.77121355339,-17931.274202280394,3075.3523227046053,44818.62647781194,-22610.247547076837,92584.68427314481,9
3.0000000000000014e-05,44,5000,0.05,-25851.838516278658,106629.20344293836,-19285.33121553271,-27229.87026787046,-22203.913140877557,2411.6500604757953,52183.192495557065,-27229.87026787046,106629.20344293836,9
9.48683298050514e-05,16,2750,0.05,-30227.10212056564,115464.6913062673,-23519.4599807312,-24804.488110358743,-26127.308624460795,2157.266494030183,56698.44359695837,-30227.10212056564,115464.6913062673,9
9.48683298050514e-05,44,5000,0.05,25210.117638566924,114015.30910268529,-42162.57818909553,-46595.994884832646,-45005.11106315336,1092.3485208341342,62615.34057296522,-46595.994884832646,114015.30910268529,9
3.0000000000000014e-05,72,3875,0.05,-29059.38122262588,120386.03610425306,-26179.05139769781,-34875.48007798297,-27417.064784779315,571.0117242334178,59981.584404142304,-34875.48007798297,120386.03610425306,9
9.48683298050514e-05,44,3875,0.05,9496.989248044485,130581.95673313942,-47676.64140585808,-48723.88085455325,-46004.1878385662,-465.1528235587233,69143.65103643893,-48723.88085455325,130581.95673313942,9
9.48683298050514e-05,128,3875,0.0,75835.68551548026,-24635.557527571822,-15340.310932018649,-28032.43658169445,-28913.46853062665,-4217.217611286262,40314.18751025916,-28913.46853062665,75835.68551548026,9
9.48683298050514e-05,16,1625,0.05,-32164.84895353435,124926.5648386942,-36763.22784935769,-39266.28595188916,-38483.022778874285,-4350.164138992256,64685.274440135065,-39266.28595188916,124926.5648386942,9
3.0000000000000014e-05,72,1625,0.05,-5246.490202967786,20474.980679206492,839.2569442565951,-41486.11313967911,-44519.27988636997,-13987.529121110758,25188.3459399453,-44519.27988636997,25188.3459399453,9
3.0000000000000014e-05,72,500,0.0,-14831.727953263655,28506.787381693925,-39917.45944288029,-36718.186972536816,-15965.77402164752,-15785.272201726872,24426.53373496187,-39917.45944288029,28506.787381693925,9
9.48683298050514e-05,44,2750,0.0,-15842.699549232711,-16134.738535476723,-22704.693774987627,-13946.506515189154,-14107.239815372399,-16547.17563805172,3203.066881455877,-22704.693774987627,3203.066881455877,9
3.0000000000000014e-05,100,2750,0.0,-16797.339201873507,-15571.858577729718,-21146.328487726707,-18331.825183949604,-14592.435363865296,-17287.957363028967,2299.053189136404,-21146.328487726707,2299.053189136404,9
3.0000000000000014e-05,44,500,0.0,-15145.707843115257,-16836.840793148956,-22606.657169777023,-16053.656633169747,-18249.98918145259,-17778.570324132717,2620.183387584471,-22606.657169777023,2620.183387584471,9
9.48683298050514e-05,72,1625,0.0,-12956.618102294724,-13315.848179721781,-15437.600555492945,-14020.803549035225,-34756.90227270692,-18097.554531850317,8372.849740604752,-34756.90227270692,8372.849740604752,9
3.0000000000000014e-05,44,1625,0.0,-15674.264982380058,-15559.141207746627,-28349.09581334762,-18521.465959280475,-16196.558983931414,-18860.105389337237,4864.073169906996,-28349.09581334762,4864.073169906996,9
3.0000000000000014e-05,72,1625,0.0,-14602.61979238172,-14894.031210698757,-24818.469237865538,-20293.316619861824,-20237.91323990614,-18969.270020142794,3827.5551484333205,-24818.469237865538,3827.5551484333205,9
9.48683298050514e-05,72,2750,0.0,-20777.302177698573,-14719.96939128797,-23344.841254028925,-22575.144578760373,-20829.500873926434,-20449.351655140454,3032.5151828316043,-23344.841254028925,3032.5151828316043,9
9.48683298050514e-05,16,3875,0.0,-17318.51773121319,-18918.272851142297,-23956.76697150826,-27015.685668979026,-17859.008262715437,-21013.650297111642,3812.6825739911365,-27015.685668979026,3812.6825739911365,9
3.0000000000000014e-05,128,3875,0.0,-16402.99005694492,-22340.61753259884,-29368.67797064723,-21911.10524369113,-15098.121205499983,-21024.30240187642,5071.959380713149,-29368.67797064723,5071.959380713149,9
9.48683298050514e-05,16,500,0.0,-13930.670260272562,-12718.320877019187,-29431.470584344257,-17409.14724114338,-32491.18673239768,-21196.15913903541,8178.0258289535695,-32491.18673239768,8178.0258289535695,9
9.48683298050514e-05,72,3875,0.0,-4254.844650628174,-25753.278889828343,-30743.051201154325,-16078.576580947023,-29382.519037702292,-21242.45407205203,9920.827068235487,-30743.051201154325,9920.827068235487,9
9.48683298050514e-05,16,1625,0.0,-14083.41496648598,-14420.61451099361,-40849.05572126784,-20842.680381961763,-17230.64276987032,-21485.281670115903,9981.66105273638,-40849.05572126784,9981.66105273638,9
3.0000000000000014e-05,128,2750,0.0,-20119.581663555826,-17139.88177364945,-29459.916950243954,-22630.98659380758,-18540.35189786605,-21578.143775824574,4342.455040676035,-29459.916950243954,4342.455040676035,9
3.0000000000000014e-05,16,2750,0.05,-24319.295252229025,-20847.85124061685,-20866.395412150516,-21520.607869712574,-21019.488937508748,-21714.72774244354,1324.8361442794414,-24319.295252229025,1324.8361442794414,9
3.0000000000000014e-05,16,500,0.0,-15737.875039985076,-15638.787549533025,-42127.8578895185,-21439.678519471672,-17566.99210619981,-22502.238220941617,10035.080458776933,-42127.8578895185,10035.080458776933,9
9.48683298050514e-05,100,2750,0.0,-17990.949957587036,-29040.453797610116,-28190.429415914074,-12914.823989873556,-24415.836072015485,-22510.498646600056,6181.189707381488,-29040.453797610116,6181.189707381488,9
3.0000000000000014e-05,72,2750,0.0,-18699.831226141014,-16131.541239262657,-30372.918205137477,-34959.828114301075,-16249.806664355088,-23282.78508983946,7851.494910503387,-34959.828114301075,7851.494910503387,9
3.0000000000000014e-05,44,3875,0.0,-21947.929886075857,-21531.475990869312,-29686.15353233042,-22908.857514417137,-20551.754922794884,-23325.234369297523,3269.293112701145,-29686.15353233042,3269.293112701145,9
9.48683298050514e-05,44,1625,0.0,-14542.830020362151,-14090.228222952393,-33573.5816926428,-17009.97014042532,-37577.37196848317,-23358.79640897317,10103.909579021454,-37577.37196848317,10103.909579021454,9
3.0000000000000014e-05,72,3875,0.0,-23887.84013355345,-16407.43854617862,-31654.004116657234,-22108.518634209664,-22752.36033012128,-23362.03235214405,4885.542778196386,-31654.004116657234,4885.542778196386,9
3.0000000000000014e-05,44,2750,0.0,-28381.016129479358,-18385.144127080603,-30947.709963601992,-20453.874020562707,-19055.461824980455,-23444.64121314102,5185.979808181062,-30947.709963601992,5185.979808181062,9
9.48683298050514e-05,128,2750,0.0,-15467.28029336078,-35961.897336359485,-21395.769345797253,-15520.89070897306,-28953.97680436849,-23459.962897771817,7970.63725139274,-35961.897336359485,7970.63725139274,9
3.0000000000000014e-05,128,5000,0.0,-23861.055817025688,-22481.277584129897,-29857.993020846534,-22801.769668887875,-18983.44576964351,-23597.108372106704,3533.6063574797786,-29857.993020846534,3533.6063574797786,9
9.48683298050514e-05,100,3875,0.0,-21609.221326981773,-29046.02040567919,-28743.1215236144,-18836.27465361568,-19875.52130208871,-23622.031842395947,4396.280944782002,-29046.02040567919,4396.280944782002,9
3.0000000000000014e-05,44,5000,0.0,-22905.64481775675,-21281.583123738834,-28823.526125512348,-24759.04805975227,-20714.458479810146,-23696.85212131407,2924.559854668411,-28823.526125512348,2924.559854668411,9
9.48683298050514e-05,16,5000,0.0,-21377.43684626109,-25026.92014226115,-29774.184501397354,-22705.602311612416,-20238.62426797607,-23824.553613901615,3374.7033864117548,-29774.184501397354,3374.7033864117548,9
3.0000000000000014e-05,44,3875,0.05,-24974.92607085786,-25579.61431915165,-17081.785888932005,-28631.54173328886,-24582.040698120192,-24169.981742070115,3819.759939204721,-28631.54173328886,3819.759939204721,9
3.0000000000000014e-05,100,5000,0.0,-25418.827341538978,-21085.300003919867,-36459.10718478308,-21290.603628156776,-17240.56881393448,-24298.881394466636,6607.904163246957,-36459.10718478308,6607.904163246957,9
3.0000000000000014e-05,16,5000,0.2,-24885.39029669,-26980.416835727174,-22575.146520341466,-26165.84294600974,-21563.680037755516,-24434.09532730478,2067.9141563384933,-26980.416835727174,2067.9141563384933,9
9.48683298050514e-05,72,5000,0.0,-22134.78166584721,-18881.018390710175,-30261.669694248387,-21684.555615846217,-30050.601375860257,-24602.52534850245,4670.06199611755,-30261.669694248387,4670.06199611755,9
9.48683298050514e-05,44,3875,0.0,-20324.567202267815,-28989.941786353647,-29365.456975423476,-27427.619866731544,-17792.57398736741,-24780.031963628782,4784.034284339354,-29365.456975423476,4784.034284339354,9
3.0000000000000014e-05,16,5000,0.05,-25906.477373190854,-27568.403206889754,-24237.806864190985,-25330.77275617709,-21427.148339645737,-24894.121708018884,2040.4883325862932,-27568.403206889754,2040.4883325862932,9
3.0000000000000014e-05,16,3875,0.05,-24933.687185036382,-28763.568801627272,-24271.480774855405,-23796.75901894671,-23903.1594996802,-25133.731056029195,1858.0105349706864,-28763.568801627272,1858.0105349706864,9
3.0000000000000014e-05,100,3875,0.0,-25381.502271539222,-20731.473197953223,-29533.155443526033,-25973.522432626687,-24219.64274451311,-25167.859218031655,2840.1120789778142,-29533.155443526033,2840.1120789778142,9
3.0000000000000014e-05,16,3875,0.1,-23938.419659323907,-23449.890191176226,-27081.225330230827,-26879.869514980168,-24673.654647673502,-25204.611868676926,1502.8221925853786,-27081.225330230827,1502.8221925853786,9
9.48683298050514e-05,16,2750,0.0,-24675.05530678675,-18462.298762096452,-26180.86046895592,-41475.42846295745,-17348.394270630342,-25628.40745428538,8628.486444442266,-41475.42846295745,8628.486444442266,9
3.0000000000000014e-05,16,3875,0.15000000000000002,-28735.925217875214,-24664.878777128986,-24598.39349591829,-29856.95473938623,-20569.668827562546,-25685.164211574254,3319.6784454372028,-29856.95473938623,3319.6784454372028,9
0.0003000000000000001,128,5000,0.0,-26985.485807535086,-30838.238211803004,-15839.138130021944,-27669.951150224588,-27117.347228863153,-25690.032105689555,5122.102037410932,-30838.238211803004,5122.102037410932,9
3.0000000000000014e-05,16,1625,0.05,-28559.73846355364,-22831.225736647975,-21860.26087465975,-24835.81172834321,-30542.29924853447,-25725.86721034781,3326.947676866546,-30542.29924853447,3326.947676866546,9
9.48683298050514e-05,44,5000,0.0,-31691.163703755756,-28323.86550976054,-23420.6664857379,-27726.829584474017,-18812.0317190351,-25994.911400552664,4451.771681947485,-31691.163703755756,4451.771681947485,9
3.0000000000000014e-05,16,1625,0.0,-16072.359622630298,-19161.70676910966,-46439.90930015487,-21824.299660525896,-26936.268065324315,-26086.90868354901,10783.185944714378,-46439.90930015487,10783.185944714378,9
3.0000000000000014e-05,16,5000,0.1,-24231.669148831435,-30299.54960103957,-27211.777621895413,-25394.250915974222,-23335.28955018984,-26094.507367586095,2469.9992428098367,-30299.54960103957,2469.9992428098367,9
3.0000000000000014e-05,72,5000,0.0,-27334.35607582095,-19528.39418456405,-30620.91164866566,-27588.288911174423,-26600.147720527788,-26334.419708150574,3669.8411049541482,-30620.91164866566,3669.8411049541482,9
9.48683298050514e-05,100,5000,0.0,-28174.004380333157,-29357.434347916045,-29550.413178040224,-26130.668576474523,-19846.20555928156,-26611.745208409102,3594.974088265824,-29550.413178040224,3594.974088265824,9
3.0000000000000014e-05,16,3875,0.2,-27599.98452135823,-26258.74199311119,-29574.813647043182,-24310.605795474075,-25584.547357419495,-26665.738662881235,1800.9333324090421,-29574.813647043182,1800.9333324090421,9
3.0000000000000014e-05,16,5000,0.15000000000000002,-30629.883183070164,-25492.532297237558,-22451.294131052266,-30682.844916053607,-25712.154891433154,-26993.74188376935,3205.0251717911574,-30682.844916053607,3205.0251717911574,9
0.0003000000000000001,100,5000,0.0,-26493.977033833035,-28434.51395983344,-25889.387787939137,-27882.635064556394,-27023.596432595416,-27144.822055751487,918.921469819856,-28434.51395983344,918.921469819856,9
3.0000000000000014e-05,100,1625,0.0,-33877.14694169449,-33380.14442233082,-26845.692523514903,-22134.005383745716,-22173.183949285136,-27682.03464411421,5151.2212963286765,-33877.14694169449,5151.2212963286765,9
3.0000000000000014e-05,16,2750,0.1,-29635.07412714906,-24835.78996688241,-19339.51624134123,-26559.763114145106,-38377.490197715386,-27749.52672944664,6279.212884808,-38377.490197715386,6279.212884808,9
9.48683298050514e-05,128,5000,0.0,-28038.706354369715,-26655.6767899645,-29645.043897036714,-26434.94723751659,-28773.50160687227,-27909.57517715196,1226.5140961555987,-29645.043897036714,1226.5140961555987,9
0.0003000000000000001,128,3875,0.0,-27095.454338459975,-29078.117902248112,-27182.747742486245,-28178.733406629333,-28315.556786631878,-27970.12203529111,745.0504103386717,-29078.117902248112,745.0504103386717,9
3.0000000000000014e-05,16,2750,0.0,-30530.553198716105,-21458.567625533393,-28985.03866246955,-29854.61844078661,-29790.034626549346,-28123.762510811,3368.42948263882,-30530.553198716105,3368.42948263882,9
3.0000000000000014e-05,16,3875,0.0,-26888.466452923745,-24288.541280290836,-29773.876169321728,-28704.49286633358,-31439.490192519133,-28218.973392277803,2459.4196701250726,-31439.490192519133,2459.4196701250726,9
0.0003000000000000001,72,5000,0.0,-29110.988210000436,-28318.639814438397,-28352.635191255034,-28668.106748586597,-28225.039251861515,-28535.081843228392,324.22958219096546,-29110.988210000436,324.22958219096546,9
0.0003000000000000001,44,5000,0.0,-27181.02896129669,-29181.08935311028,-29536.724752118076,-28193.680636815872,-28586.51117253052,-28535.806975174288,821.3733082333546,-29536.724752118076,821.3733082333546,9
3.0000000000000014e-05,128,1625,0.0,-20293.85721336581,-16312.477610665377,-30365.448348318754,-45907.34856519701,-30599.592395867356,-28695.74482668286,10262.444845928198,-45907.34856519701,10262.444845928198,9
0.0003000000000000001,16,2750,0.0,-29140.937933354657,-29017.339946576976,-28530.719753439862,-28155.383915666378,-29422.238043338635,-28853.323918475297,452.6544057705431,-29422.238043338635,452.6544057705431,9
0.0003000000000000001,16,5000,0.0,-26482.564690303545,-30544.764405368667,-29413.801755956156,-28918.072963447958,-28921.355131034576,-28856.111789222177,1326.9805928167505,-30544.764405368667,1326.9805928167505,9
0.0003000000000000001,16,3875,0.0,-29163.927959086563,-29007.230952151014,-28990.548323837127,-28490.565631458736,-28633.943276935137,-28857.243228693715,252.44303048594227,-29163.927959086563,252.44303048594227,9
0.0003000000000000001,100,3875,0.0,-27429.117776389412,-28470.456962264212,-30777.331349009568,-28989.365696636498,-28911.027653668418,-28915.459887593624,1084.369635063037,-30777.331349009568,1084.369635063037,9
3.0000000000000014e-05,16,5000,0.0,-28933.333997313144,-29044.609321104468,-29814.89527311124,-29639.104140413034,-27203.528848771,-28927.094316142575,925.1675696197129,-29814.89527311124,925.1675696197129,9
0.0009486832980505143,44,5000,0.0,-26091.800579952713,-29345.563990850096,-33187.68669905328,-28387.004952828916,-27970.186263611828,-28996.448497259367,2347.3378291850045,-33187.68669905328,2347.3378291850045,9
0.0009486832980505143,16,3875,0.0,-28120.15768537348,-30320.22851672786,-28270.753804191605,-29726.05372336811,-28645.83059001561,-29016.604863935332,860.2484782600487,-30320.22851672786,860.2484782600487,9
0.0003000000000000001,44,3875,0.0,-27952.24785224675,-29984.659803321538,-29298.576388309877,-29298.147772919823,-29063.09427513037,-29119.345218385668,660.021806813773,-29984.659803321538,660.021806813773,9
0.0009486832980505143,72,5000,0.0,-28346.404842825927,-33518.184954475226,-27463.346152682378,-26852.54230117031,-30934.516751996693,-29422.99900063011,2476.3592557685224,-33518.184954475226,2476.3592557685224,9
0.0003000000000000001,44,2750,0.0,-27646.61437879801,-31357.064486572246,-32947.75130306299,-28569.303783026757,-28370.4638454385,-29778.239559379697,2026.1133693191762,-32947.75130306299,2026.1133693191762,9
0.0009486832980505143,16,5000,0.0,-30805.703803289638,-31360.354474494918,-30628.967713309627,-29851.03827323937,-27713.36843709156,-30071.88654028502,1274.390711395647,-31360.354474494918,1274.390711395647,9
3.0000000000000014e-05,16,2750,0.15000000000000002,-30898.136613753893,-27395.049202815026,-26000.24628250387,-28584.516303631193,-38730.850513087345,-30321.759783158264,4501.203079613655,-38730.850513087345,4501.203079613655,9
9.48683298050514e-05,128,1625,0.0,-33771.75614374103,-28416.713504181076,-37548.040491206004,-25440.82657598791,-28840.528653294776,-30803.57307368216,4303.66456599233,-37548.040491206004,4303.66456599233,9
3.0000000000000014e-05,16,2750,0.2,-33989.916650105326,-29968.507417031477,-32880.42087422788,-29374.734168778632,-28223.699700294263,-30887.45576208752,2182.913765423335,-33989.916650105326,2182.913765423335,9
0.0003000000000000001,72,3875,0.0,-34603.06659546193,-29432.467682743365,-28889.93301673079,-28452.514585476445,-33875.73634857765,-31050.743645798037,2632.0446814846064,-34603.06659546193,2632.0446814846064,9
3.0000000000000014e-05,100,5000,0.05,-36284.91556246611,-41664.23092044956,-31811.4038443058,-42735.62167680882,-4161.570201332827,-31331.548441072628,14140.657963340362,-42735.62167680882,14140.657963340362,9
3.0000000000000014e-05,44,5000,0.1,-31639.061040651362,-36638.32797251595,-31351.338397900694,-31838.897265207877,-28762.604231256693,-32046.045781506517,2551.909464369749,-36638.32797251595,2551.909464369749,9
0.0003000000000000001,16,1625,0.0,-27631.940787876327,-33805.051495275584,-34238.858211609724,-35307.64079047256,-30084.408160527528,-32213.579889152345,2889.0322297235525,-35307.64079047256,2889.0322297235525,9
0.0003000000000000001,72,2750,0.0,-27270.992031745453,-28164.384973302815,-32751.77443577075,-28894.09887771746,-46841.86793211664,-32784.62365013063,7273.102748252432,-46841.86793211664,7273.102748252432,9
3.0000000000000014e-05,16,1625,0.1,-29185.568603769272,-32995.24960217865,-34166.15941297627,-37419.6261243023,-30419.76803320728,-32837.274355286754,2897.175559856218,-37419.6261243023,2897.175559856218,9
0.0030000000000000014,16,5000,0.0,-36779.60327086775,-31632.797358425283,-34998.057537236426,-31746.82807008165,-31845.57771105185,-33400.57278953259,2109.394025732335,-36779.60327086775,2109.394025732335,9
0.0009486832980505143,72,3875,0.0,-29113.569599053317,-27005.74236600266,-38996.784524278526,-43207.40660510954,-30211.680944459673,-33707.03680778075,6268.385086998145,-43207.40660510954,6268.385086998145,9
0.0030000000000000014,16,3875,0.0,-34549.07815920265,-37926.0450969938,-30752.951832065934,-36225.676978890544,-31510.84964779352,-34192.92034298929,2728.4447925506533,-37926.0450969938,2728.4447925506533,9
0.0009486832980505143,44,3875,0.0,-28426.084264873625,-32852.03397334547,-43782.01532296883,-32856.052902880525,-33203.67389894804,-34223.9720726033,5094.430668350154,-43782.01532296883,5094.430668350154,9
0.0009486832980505143,100,5000,0.0,-29018.6857491304,-30973.77844613743,-34641.17379428736,-27736.55718006376,-49243.00751542513,-34322.64053700882,7815.908416643212,-49243.00751542513,7815.908416643212,9
0.0003000000000000001,100,2750,0.0,-36462.654135818346,-27165.385753848084,-29511.62880895191,-38962.907009506795,-39813.56704301017,-34383.22855022706,5111.081693243345,-39813.56704301017,5111.081693243345,9
0.0009486832980505143,16,2750,0.0,-35783.75016058546,-29414.090495364766,-33499.56866055011,-34592.75307373088,-41873.4463856244,-35032.72175517112,4036.649730192024,-41873.4463856244,4036.649730192024,9
0.0009486832980505143,128,5000,0.0,-31818.050431063853,-41359.86510587817,-36952.28141132153,-28099.520596315902,-39555.79031112004,-35557.101571139894,4923.497141056187,-41359.86510587817,4923.497141056187,9
0.0030000000000000014,44,5000,0.0,-29801.384998588077,-35570.87361541173,-40974.912073757296,-39552.0145549245,-34293.29280797378,-36038.495610131074,3971.875496764911,-40974.912073757296,3971.875496764911,9
9.48683298050514e-05,100,1625,0.0,-25162.901953999874,-37457.2722324242,-35621.83249499359,-38788.81699279687,-44318.35594944928,-36269.83592473277,6266.064727873883,-44318.35594944928,6266.064727873883,9
9.48683298050514e-05,72,500,0.0,-46947.40003695757,-44724.113855187876,-12332.631886111267,-47904.97428295855,-29841.319624634823,-36350.08793717002,13675.854579446432,-47904.97428295855,13675.854579446432,9
0.0003000000000000001,128,2750,0.0,-28119.17857760395,-35919.95578113892,-45894.294756048315,-29234.96540277367,-43127.765292824864,-36459.231962077945,7148.805260804535,-45894.294756048315,7148.805260804535,9
0.0009486832980505143,100,3875,0.0,-35257.25163352483,-27753.852534887494,-45129.35034400848,-27162.872579468865,-47271.0849917959,-36514.88241673711,8434.48065122679,-47271.0849917959,8434.48065122679,9
0.0003000000000000001,72,1625,0.0,-30102.746822444893,-43250.52434783994,-27978.295615560644,-42022.4478105582,-40800.80480434345,-36830.96388014942,6442.9890445332385,-43250.52434783994,6442.9890445332385,9
3.0000000000000014e-05,44,3875,0.1,-39626.96125962502,-40312.12628591963,-32454.02354933114,-36687.8334086657,-38264.4890240491,-37469.086705518115,2797.6124345485377,-40312.12628591963,2797.6124345485377,9
0.0030000000000000014,72,5000,0.0,-40310.99449007835,-36934.20187800851,-36521.020865836195,-38669.32010194415,-34941.91800145822,-37475.49106746509,1848.6918216096603,-40310.99449007835,1848.6918216096603,9
0.0003000000000000001,72,500,0.0,-42470.22734856478,-27943.712832760877,-37167.23797424438,-40823.885321448164,-40897.10378074537,-37860.433451552715,5255.006779201098,-42470.22734856478,5255.006779201098,9
0.0003000000000000001,128,1625,0.0,-29855.651785059443,-49295.07444498038,-38448.78431090349,-43457.440662076566,-31952.754562995095,-38601.941153203,7192.380581107121,-49295.07444498038,7192.380581107121,9
3.0000000000000014e-05,100,500,0.0,-48755.42440004395,-14078.613530474198,-47018.94225528191,-38124.36189672105,-45608.30556259748,-38717.12952902372,12841.990575154627,-48755.42440004395,12841.990575154627,9
0.0003000000000000001,44,1625,0.0,-38667.21818969282,-36750.78165936231,-42061.7616569988,-44712.06412471159,-32815.4933989251,-39001.463805938125,4133.277127687363,-44712.06412471159,4133.277127687363,9
9.48683298050514e-05,44,2750,0.05,2003.703466086445,-49371.04810886057,-49826.101962702334,-49860.18935685614,-49612.39518254494,-39333.20622897551,20669.19607986731,-49860.18935685614,20669.19607986731,9
0.0009486832980505143,44,2750,0.0,-31382.084234848495,-43771.84684922402,-37081.416114203894,-34608.819255410905,-50183.877058885075,-39405.60870251447,6753.119418259358,-50183.877058885075,6753.119418259358,9
0.0003000000000000001,16,500,0.0,-31975.116729316203,-37811.01442735862,-45140.336086984,-41298.791729507764,-41116.41345376165,-39468.33448538565,4407.569903965446,-45140.336086984,4407.569903965446,9
0.0030000000000000014,72,3875,0.0,-39854.45237474677,-35767.2830031302,-42917.766864527504,-43942.85880267225,-38583.60488617655,-40213.19318625065,2958.901645729255,-43942.85880267225,2958.901645729255,9
0.0009486832980505143,128,3875,0.0,-31721.18386622694,-47905.567932186146,-49725.30496782298,-34402.552121509914,-37620.09569795515,-40274.94091714022,7242.040628498415,-49725.30496782298,7242.040628498415,9
9.48683298050514e-05,16,5000,0.1,-41574.69264608382,-39928.76813077312,-38850.7566902305,-41690.5253582097,-39524.240280214784,-40313.79662110239,1131.138611711028,-41690.5253582097,1131.138611711028,9
3.0000000000000014e-05,44,5000,0.15000000000000002,-41616.92097801866,-42119.10067969261,-36735.56767486407,-41144.39441932257,-40648.27633301579,-40452.85201698274,1921.7734304397713,-42119.10067969261,1921.7734304397713,9
9.48683298050514e-05,44,500,0.0,-28948.09758731525,-45167.60085606863,-40408.19995337198,-46430.062905096645,-42489.90381906969,-40688.77302418444,6231.991035721698,-46430.062905096645,6231.991035721698,9
0.0003000000000000001,100,500,0.0,-40768.157999660245,-47043.93680167343,-28433.734380283655,-47575.51377390994,-39828.295145215416,-40729.92762014853,6909.986000084528,-47575.51377390994,6909.986000084528,9
3.0000000000000014e-05,16,1625,0.15000000000000002,-41954.619699252136,-39538.59754858433,-42247.81301971114,-41675.21031064573,-38701.166128813755,-40823.48134140142,1427.500274894042,-42247.81301971114,1427.500274894042,9
0.0030000000000000014,16,2750,0.0,-42774.2719958859,-35952.69022805752,-39196.36169695202,-48998.65782807047,-37462.90802354773,-40876.97795450273,4653.823433685407,-48998.65782807047,4653.823433685407,9
0.0030000000000000014,100,5000,0.0,-42456.62865630933,-41007.1613279644,-42024.14571390798,-44222.18523881069,-35474.49802706037,-41036.92379281055,2969.091635639005,-44222.18523881069,2969.091635639005,9
0.0009486832980505143,16,500,0.0,-42632.66485132438,-42630.02923730697,-45251.62889943218,-31032.583348886226,-43929.728791846304,-41095.32702575921,5124.1820305524925,-45251.62889943218,5124.1820305524925,9
0.0030000000000000014,44,2750,0.0,-43205.186369385345,-47215.5534667979,-40899.57014532208,-40834.25884265832,-34997.73699821376,-41430.46116447548,3965.707633734437,-47215.5534667979,3965.707633734437,9
0.0030000000000000014,72,2750,0.0,-42209.44162911731,-42769.993221514385,-41959.37291530952,-39176.462377985255,-41206.51712459835,-41464.357453704964,1249.4655662864075,-42769.993221514385,1249.4655662864075,9
3.0000000000000014e-05,128,3875,0.05,-48095.39897510786,-17202.981639181216,-47065.185834577365,-49371.83251968959,-46161.00548008808,-41579.28088972882,12234.990594571556,-49371.83251968959,12234.990594571556,9
0.0009486832980505143,16,1625,0.0,-40477.56809340298,-46762.2086646972,-42269.51885023084,-36317.6849256698,-42098.185576619835,-41585.03322212413,3361.7384956205183,-46762.2086646972,3361.7384956205183,9
0.0030000000000000014,128,5000,0.0,-42407.127907042974,-35166.82330910144,-43089.338383589195,-48871.691624424915,-39480.8631518372,-41803.168875199146,4503.713994431809,-48871.691624424915,4503.713994431809,9
9.48683298050514e-05,100,500,0.0,-44170.36541960668,-50159.282733398686,-20057.32628389354,-46170.04543885941,-48482.54768848548,-41807.91351284876,11063.394849616296,-50159.282733398686,11063.394849616296,9
0.0009486832980505143,44,1625,0.0,-42983.69347665893,-44451.169531258194,-41289.125820450434,-37115.24326180843,-44942.34459959823,-42156.31533795484,2824.085506348322,-44942.34459959823,2824.085506348322,9
0.0030000000000000014,128,3875,0.0,-44964.937408221806,-42266.32112773038,-44720.01849146163,-39856.82377899144,-39644.26676289676,-42290.47351386041,2279.521461143071,-44964.937408221806,2279.521461143071,9
0.0030000000000000014,44,3875,0.0,-42629.09805343589,-30939.53652919883,-43793.62591523804,-49819.99185971867,-44502.35612422929,-42336.921696364145,6209.560180636096,-49819.99185971867,6209.560180636096,9
0.0030000000000000014,100,3875,0.0,-44037.02857552214,-40587.17414528875,-40144.66739444943,-42219.462178067486,-45286.46759092158,-42454.95997684988,1969.868592650647,-45286.46759092158,1969.868592650647,9
3.0000000000000014e-05,100,2750,0.05,-47692.116242729346,-44732.61342781823,-31864.326787828813,-45859.63396800219,-44373.16077997368,-42904.370241270444,5639.831091772946,-47692.116242729346,5639.831091772946,9
0.0030000000000000014,44,1625,0.0,-42991.07083920759,-41578.58336613393,-44788.41851977296,-44924.821144349015,-42171.69553287254,-43290.917880467205,1355.4928580357198,-44924.821144349015,1355.4928580357198,9
0.0003000000000000001,44,500,0.0,-42940.9998564806,-43199.25259369014,-43143.05234966158,-43592.233276108986,-45404.88964640923,-43656.0855444701,899.5154077830102,-45404.88964640923,899.5154077830102,9
0.0030000000000000014,100,2750,0.0,-45946.988146052485,-41428.72785516999,-45044.45934413024,-41841.51158286031,-44586.44270890953,-43769.62592742452,1801.70612677944,-45946.988146052485,1801.70612677944,9
0.0030000000000000014,72,1625,0.0,-44909.67659085593,-44891.77346548853,-44718.982951924125,-39870.73078422113,-44683.3975519443,-43814.91226888681,1974.1487800162156,-44909.67659085593,1974.1487800162156,9
0.0009486832980505143,72,1625,0.0,-45035.268656398424,-43882.59238521777,-48670.640781229944,-43030.9437222101,-39850.129578528584,-44093.91502471696,2864.152421621711,-48670.640781229944,2864.152421621711,9
0.0030000000000000014,16,1625,0.0,-47955.21722741675,-45171.05064851833,-46097.12666764103,-38006.079105343,-46172.773185125145,-44680.449366808854,3456.7619964074024,-47955.21722741675,3456.7619964074024,9
0.0009486832980505143,72,2750,0.0,-34149.80786124899,-46714.359620402,-49256.986451206016,,-49165.22239079639,-44821.594080913346,6245.186043637164,-49256.986451206016,6245.186043637164,8
3.0000000000000014e-05,44,5000,0.2,-45345.288460816126,-46643.6028341408,-43797.828414025134,-44322.60610876341,-44080.49167589879,-44837.96349872885,1042.9716988441119,-46643.6028341408,1042.9716988441119,9
3.0000000000000014e-05,44,2750,0.1,-45123.36693367768,-44453.774493599434,-44799.535969816825,-46249.55732202417,-44105.72222319859,-44946.39138846334,734.9182755266768,-46249.55732202417,734.9182755266768,9
0.0009486832980505143,72,500,0.0,-49600.72931686304,-49067.585870870884,-35849.005594576345,-42445.31386002851,-49903.687984270495,-45373.26452532186,5501.429064589837,-49903.687984270495,5501.429064589837,9
0.0030000000000000014,16,500,0.0,-49414.9281949153,-40796.648301985486,-45373.32860204242,-46718.162085848264,-44689.394193008564,-45398.49227556001,2812.604030457925,-49414.9281949153,2812.604030457925,9
3.0000000000000014e-05,128,5000,0.05,-45388.44813705183,-45988.38288151208,-43011.541471533346,-47081.882191938545,-45689.53012277949,-45431.956960963056,1338.5448192560355,-47081.882191938545,1338.5448192560355,9
3.0000000000000014e-05,72,5000,0.1,-47437.74261246112,-46149.08778508757,-43395.393286132356,-45976.83632546034,-44814.54101455029,-45554.72020473833,1362.9223164167167,-47437.74261246112,1362.9223164167167,9
0.0030000000000000014,128,2750,0.0,-45533.15098063742,-47357.92991772467,-46861.90211764136,-42968.122284387944,-45603.56089531583,-45664.93323914144,1522.6880641623707,-47357.92991772467,1522.6880641623707,9
0.0009486832980505143,44,500,0.0,-41921.37641437451,-47836.85195736196,-48685.66622336178,-48117.19658995795,-42715.47535288154,-45855.31330758755,2911.6301582805227,-48685.66622336178,2911.6301582805227,9
3.0000000000000014e-05,16,1625,0.2,-46436.7390878651,-44386.0575174797,-47084.20741468991,-46023.904419971055,-45832.09547073174,-45952.60078214751,893.150268297493,-47084.20741468991,893.150268297493,9
9.48683298050514e-05,16,5000,0.15000000000000002,-46028.38190597586,-47093.33632145183,-46311.68690280529,-45707.55282009707,-45260.758414051474,-46080.3432728763,615.3156649589681,-47093.33632145183,615.3156649589681,9
9.48683298050514e-05,16,3875,0.1,-46863.49341343287,-45745.62203858933,-46484.37366432501,-45884.738865131854,-45684.2784523236,-46132.50128676054,462.6292552135734,-46863.49341343287,462.6292552135734,9
3.0000000000000014e-05,44,3875,0.15000000000000002,-47052.01742334271,-45704.22104087934,-45959.50179576192,-46459.786206208635,-46747.322295437305,-46384.56975232599,495.2353890583186,-47052.01742334271,495.2353890583186,9
0.0030000000000000014,100,1625,0.0,-45586.07456283913,-46607.50319418838,-47804.48288109729,-47132.13363317713,-45141.75180800319,-46454.38921586102,978.0103876374469,-47804.48288109729,978.0103876374469,9
0.0009486832980505143,100,2750,0.0,-49826.63281546242,-39556.85935286193,-44003.604212979335,-49865.93206196027,-49746.08396732563,-46599.82248211792,4179.052930731711,-49865.93206196027,4179.052930731711,9
0.0030000000000000014,128,1625,0.0,-46697.23335861538,-46977.5958919294,-46822.70292779615,-47980.221290598296,-48873.642474705164,-47470.27918872888,835.3635328178792,-48873.642474705164,835.3635328178792,9
0.0009486832980505143,100,1625,0.0,-47324.969047518665,-44803.123590670766,-49195.924280945175,-48818.15745008868,-48656.54918651429,-47759.74471114752,1607.342270795371,-49195.924280945175,1607.342270795371,9
0.0003000000000000001,16,5000,0.05,-49818.76232644512,-49902.12307430458,-39280.17497300935,-49795.58581457605,-50005.85342705068,-47760.49992307716,4240.803981447808,-50005.85342705068,4240.803981447808,9
9.48683298050514e-05,16,5000,0.2,-47790.43634742441,-48143.083725248274,-47758.859738035506,-48022.51610304336,-48083.39485506884,-47959.658153764074,156.11717190088254,-48143.083725248274,156.11717190088254,9
0.0009486832980505143,100,500,0.0,-45800.664703545,-49760.104182852316,-47586.81375215769,-48461.738879310215,-49268.328378105056,-48175.52997919406,1398.1109509282126,-49760.104182852316,1398.1109509282126,9
0.0003000000000000001,100,1625,0.0,-50851.176613540054,-49527.458144856864,-45541.570879594496,-45578.597782809346,-50061.97943961537,-48312.15657208323,2286.2173774723897,-50851.176613540054,2286.2173774723897,9
0.0009486832980505143,128,1625,0.0,-49608.9094465098,-47482.90437112345,-48812.32464036192,-47638.95451983209,-49367.33370959225,-48582.085337483906,874.2639680758973,-49608.9094465098,874.2639680758973,9
3.0000000000000014e-05,44,3875,0.2,-48667.91496580264,-49140.284342763945,-48946.7588591485,-48887.82472803849,-48354.86231945939,-48799.52904304259,268.5657019865367,-49140.284342763945,268.5657019865367,9
0.0009486832980505143,128,2750,0.0,-47796.728294063025,-48198.31910060334,-48717.13849555842,-49997.34331663278,-49586.57975374901,-48859.221792121316,825.8622976178926,-49997.34331663278,825.8622976178926,9
9.48683298050514e-05,72,3875,0.05,-43643.16161449015,-50174.93805874065,-50178.753004916754,-50212.04470726864,-50128.16638337398,-48867.412753758035,2612.2622551578625,-50212.04470726864,2612.2622551578625,9
3.0000000000000014e-05,128,2750,0.05,-49583.9344015613,-48820.72535598945,-48678.09488013433,-49961.97873632898,-48427.713484259,-49094.489371654614,580.5196685689896,-49961.97873632898,580.5196685689896,9
3.0000000000000014e-05,100,1625,0.05,-49422.004618848725,-48053.845828567624,-49465.496657499614,-49388.83430770495,-49610.70827340336,-49188.177937204855,572.2035977499943,-49610.70827340336,572.2035977499943,9
0.0030000000000000014,44,500,0.0,-47841.49300527725,-49745.46056151547,-49410.07833607587,-48970.432243137824,-50005.75401833232,-49194.643632867745,760.1314130955207,-50005.75401833232,760.1314130955207,9
3.0000000000000014e-05,72,3875,0.1,-49417.4610491881,-49438.684501553595,-49119.560423753006,-49352.84345126199,-48791.13107377732,-49223.9360999068,244.2950509744722,-49438.684501553595,244.2950509744722,9
3.0000000000000014e-05,44,500,0.05,-49073.00403471501,-49351.654835324196,-48682.153864005035,-49555.393427134084,-49794.13926718137,-49291.26908567194,385.9915832504,-49794.13926718137,385.9915832504,9
3.0000000000000014e-05,16,500,0.1,-50049.309962749765,-49569.42941036383,-49211.375305322574,-49224.44752668242,-49134.824478449314,-49437.87733671358,340.54435634716236,-50049.309962749765,340.54435634716236,9
9.48683298050514e-05,16,3875,0.15000000000000002,-49839.99655321265,-49764.50293789986,-49633.899449951394,-49636.09901869892,-49632.930765535384,-49701.48574505964,85.67324793290287,-49839.99655321265,85.67324793290287,9
9.48683298050514e-05,72,2750,0.05,-48283.949910766845,-49973.2140448405,-50131.20854204905,-50123.92718155303,-50118.62981859493,-49726.18589956087,723.5082929515947,-50131.20854204905,723.5082929515947,9
9.48683298050514e-05,16,2750,0.1,-49688.6358300789,-49993.390833924626,-49530.23815294289,-49939.13473853622,-49527.02751932499,-49735.685414961525,197.8706994711422,-49993.390833924626,197.8706994711422,9
3.0000000000000014e-05,72,5000,0.15000000000000002,-50053.25234618285,-49772.31779411845,-49713.40313336568,-49757.22512315989,-49684.12905320301,-49796.065490005974,132.34835642071414,-50053.25234618285,132.34835642071414,9
3.0000000000000014e-05,100,5000,0.1,-49952.37277173148,-49853.073730773634,-49604.40048681169,-49914.4876266155,-49665.81305022013,-49798.02953323049,138.12139042573858,-49952.37277173148,138.12139042573858,9
3.0000000000000014e-05,44,1625,0.1,-49694.06346609161,-49769.916980428636,-49843.13382473337,-49717.01341755598,-49972.65000828417,-49799.35553941875,100.67848399557917,-49972.65000828417,100.67848399557917,9
0.0030000000000000014,72,500,0.0,-49848.70170195472,-49957.004162290046,-49891.3161892271,-49524.36905543867,-49795.07681030174,-49803.29358384246,149.20001748564565,-49957.004162290046,149.20001748564565,9
3.0000000000000014e-05,44,2750,0.15000000000000002,-49863.537805072876,-49886.98564011986,-49980.73907468691,-49761.50263700386,-49661.11731387048,-49830.7764941508,109.82226721604142,-49980.73907468691,109.82226721604142,9
9.48683298050514e-05,72,5000,0.05,-50234.9773230689,-49381.13949716355,-49614.23241832275,-49925.992956593414,-50031.4924237244,-49837.56692377459,303.8307375386226,-50234.9773230689,303.8307375386226,9
3.0000000000000014e-05,72,2750,0.1,-49420.079114579166,-49867.28707193656,-49991.88134045775,-50029.12379518578,-50144.16981666157,-49890.50822776416,251.26788804013586,-50144.16981666157,251.26788804013586,9
3.0000000000000014e-05,72,1625,0.1,-50137.63746159454,-49136.00358918422,-50157.37934476827,-50166.97600782234,-50176.33552395415,-49954.86638546471,409.63205814188785,-50176.33552395415,409.63205814188785,9
9.48683298050514e-05,72,1625,0.05,-50094.1081456056,-50080.14813341201,-50098.08139312565,-49525.56483992837,-50085.416368397244,-49976.66377609377,225.63767699902596,-50098.08139312565,225.63767699902596,9
9.48683298050514e-05,16,3875,0.2,-49994.35769785779,-49970.55480994659,-49967.91815239407,-50034.784049903545,-50010.1417608686,-49995.55129419411,25.067629568937477,-50034.784049903545,25.067629568937477,9
0.0030000000000000014,100,500,0.0,-49984.44595598679,-50095.96002694226,-50199.58860587231,-50029.072259989385,-49755.63495583114,-50012.940360924375,147.65369826607787,-50199.58860587231,147.65369826607787,9
0.0003000000000000001,16,1625,0.05,-50060.31246327461,-50016.830974237855,-50017.17057610846,-50088.965491335905,-50050.999779286016,-50046.85585684857,27.401398266279177,-50088.965491335905,27.401398266279177,9
9.48683298050514e-05,16,1625,0.1,-50104.76088830028,-49843.59556375252,-50082.86191301573,-50104.64005234782,-50100.286283481066,-50047.22894017949,102.13452235301904,-50104.76088830028,102.13452235301904,9
0.0003000000000000001,16,3875,0.05,-50087.415803430136,-50106.22351007146,-49915.583000204024,-50120.28663521696,-50018.27948965127,-50049.55768771477,75.5967974604043,-50120.28663521696,75.5967974604043,9
9.48683298050514e-05,44,1625,0.05,-50117.01864198029,-49801.36289211484,-50119.265465382574,-50129.45063570783,-50122.1393609408,-50057.84739922526,128.31071430193526,-50129.45063570783,128.31071430193526,9
0.0003000000000000001,16,2750,0.05,-50090.99451670613,-50094.72205762534,-50050.623369871464,-50033.85794885466,-50077.80223737176,-50069.60002608587,23.63779403172125,-50094.72205762534,23.63779403172125,9
0.0009486832980505143,16,2750,0.05,-50085.30412047846,-50041.81187600619,-50094.078463174876,-50098.359740999855,-50095.42760763641,-50082.996361659156,21.046946973778674,-50098.359740999855,21.046946973778674,9
9.48683298050514e-05,16,500,0.05,-50123.04127520624,-50045.31924979549,-50096.597499352305,-50063.955132707015,-50089.726338694534,-50083.72789915112,26.882470352713757,-50123.04127520624,26.882470352713757,9
9.48683298050514e-05,44,500,0.05,-50061.28031489414,-50104.025375439756,-50092.82523292079,-50091.26086733862,-50092.75304442561,-50088.42896700378,14.32718902326388,-50104.025375439756,14.32718902326388,9
0.0003000000000000001,16,500,0.05,-50080.73081870615,-50093.864315301806,-50085.18599860996,-50096.01229115518,-50088.897142118985,-50088.93811317841,5.581239760563242,-50096.01229115518,5.581239760563242,9
0.0003000000000000001,16,5000,0.1,-50084.867452534156,-50092.78443372477,-50084.45895741886,-50094.59204031502,-50098.48315892165,-50091.03720858289,5.522156804464185,-50098.48315892165,5.522156804464185,9
0.0003000000000000001,16,2750,0.15000000000000002,-50082.99236628098,-50094.98860489515,-50089.30826102294,-50092.52918917749,-50098.383284219984,-50091.64034111931,5.247747501973237,-50098.383284219984,5.247747501973237,9
0.0003000000000000001,44,3875,0.05,-50080.66994712155,-50094.8782622958,-50083.05180800727,-50096.06094781774,-50103.691098876334,-50091.67041282374,8.594819178918911,-50103.691098876334,8.594819178918911,9
9.48683298050514e-05,44,1625,0.1,-50096.47319442952,-50077.80089218,-50090.760600571855,-50097.09687840277,-50100.53047911889,-50092.532408940606,8.006125021270275,-50100.53047911889,8.006125021270275,9
9.48683298050514e-05,16,500,0.1,-50086.40060903612,-50098.85813965913,-50093.78341824316,-50087.89929819318,-50097.88969594047,-50092.966232214414,5.067624482917535,-50098.85813965913,5.067624482917535,9
0.0003000000000000001,16,3875,0.15000000000000002,-50086.668439444904,-50098.37186375863,-50086.90271646891,-50094.38781606029,-50099.40196295771,-50093.14655973809,5.457585731942983,-50099.40196295771,5.457585731942983,9
0.0003000000000000001,44,1625,0.05,-50090.412089715624,-50093.37435346155,-50097.17682744246,-50087.44174948148,-50098.12606295738,-50093.3062166117,4.024553014721994,-50098.12606295738,4.024553014721994,9
0.0003000000000000001,16,2750,0.1,-50089.291803124426,-50095.09163528854,-50091.868671640295,-50096.58621054191,-50093.72474456373,-50093.31261303178,2.5417746674756683,-50096.58621054191,2.5417746674756683,9
0.0009486832980505143,16,3875,0.05,-50085.78235746436,-50095.97698869899,-50095.05454305661,-50092.3819652291,-50097.368631591475,-50093.3128972081,4.1025689099268465,-50097.368631591475,4.1025689099268465,9
0.0003000000000000001,16,3875,0.1,-50074.886704148135,-50099.45257122165,-50098.631815361085,-50098.849247926046,-50096.60414780142,-50093.68489729166,9.44777928852243,-50099.45257122165,9.44777928852243,9
3.0000000000000014e-05,72,500,0.2,-50094.310986595156,-50091.48301654653,-50094.062083214725,-50090.14827030776,-50099.032592388285,-50093.80738981049,3.0467388150648773,-50099.032592388285,3.0467388150648773,9
9.48683298050514e-05,16,500,0.2,-50088.64026673934,-50094.87375084131,-50092.785713055535,-50095.61801600826,-50097.9240245792,-50093.96835424473,3.129716005443103,-50097.9240245792,3.129716005443103,9
0.0003000000000000001,16,1625,0.1,-50092.353188457186,-50098.280763044044,-50087.906529472464,-50096.15916033779,-50095.31174163251,-50094.0022765888,3.5930465381680805,-50098.280763044044,3.5930465381680805,9
0.0003000000000000001,128,2750,0.05,-50088.315858581416,-50094.245648191514,-50086.044108296854,-50100.37047898972,-50101.39355419402,-50094.07392965071,6.1787755697184865,-50101.39355419402,6.1787755697184865,9
9.48683298050514e-05,100,2750,0.15000000000000002,-50094.223047966065,-50096.01966586529,-50089.90567772642,-50090.898885801995,-50100.45587554799,-50094.30063058155,3.7877597629705915,-50100.45587554799,3.7877597629705915,9
9.48683298050514e-05,72,500,0.05,-50094.32013938653,-50102.692575084715,-50092.66165726638,-50081.90923842971,-50100.21882413908,-50094.36048686128,7.234155752255933,-50102.692575084715,7.234155752255933,9
0.0003000000000000001,16,2750,0.2,-50085.17183849508,-50095.648945018664,-50091.585413463785,-50100.04163151139,-50100.56867347545,-50094.603300392875,5.732619106458902,-50100.56867347545,5.732619106458902,9
0.0003000000000000001,44,2750,0.1,-50087.27446551313,-50096.15782220778,-50096.03467249651,-50097.89490533567,-50096.84068456409,-50094.84051002344,3.84021858366215,-50097.89490533567,3.84021858366215,9
9.48683298050514e-05,128,5000,0.2,-50091.56464273922,-50096.041082828124,-50091.564909615365,-50096.13058984662,-50098.926094429175,-50094.8454638917,2.872574550435995,-50098.926094429175,2.872574550435995,9
9.48683298050514e-05,16,500,0.15000000000000002,-50093.22792541162,-50093.7026575499,-50090.06659824108,-50098.364910800876,-50099.38792333495,-50094.950003067686,3.4561769665221,-50099.38792333495,3.4561769665221,9
0.0003000000000000001,16,3875,0.2,-50094.32386810501,-50095.00832680202,-50093.77038487192,-50095.625521552174,-50097.01867215758,-50095.14935469774,1.1246294857952661,-50097.01867215758,1.1246294857952661,9
0.0003000000000000001,16,5000,0.15000000000000002,-50088.68872143634,-50101.13910580345,-50089.707569347906,-50095.921437496705,-50100.9838609961,-50095.2881390161,5.324869921403056,-50101.13910580345,5.324869921403056,9
9.48683298050514e-05,44,1625,0.15000000000000002,-50087.289689083926,-50099.99818449741,-50090.00930835163,-50098.3086887809,-50101.60731970457,-50095.442638083696,5.70897886812243,-50101.60731970457,5.70897886812243,9
9.48683298050514e-05,16,1625,0.2,-50092.909468655496,-50090.300594875276,-50096.48449240265,-50099.69982687872,-50098.49179775638,-50095.577236113706,3.500670339484992,-50099.69982687872,3.500670339484992,9
9.48683298050514e-05,44,5000,0.2,-50099.67540146167,-50088.073830924746,-50090.44383801535,-50095.97043174827,-50103.890820207256,-50095.610864471455,5.808828688134487,-50103.890820207256,5.808828688134487,9
9.48683298050514e-05,72,2750,0.15000000000000002,-50087.45966927516,-50102.85824664975,-50092.945789851154,-50095.158618080204,-50099.87323129343,-50095.65911102994,5.374566277748626,-50102.85824664975,5.374566277748626,9
0.0003000000000000001,128,3875,0.05,-50082.449367753135,-50099.9590300673,-50100.88549473613,-50094.56574229829,-50100.56769128907,-50095.68546522879,7.008392831969126,-50100.88549473613,7.008392831969126,9
3.0000000000000014e-05,44,500,0.15000000000000002,-50084.64535678382,-50097.73017501378,-50099.41377376462,-50098.86125791048,-50097.995598318834,-50095.72923235831,5.574547754977104,-50099.41377376462,5.574547754977104,9
9.48683298050514e-05,128,2750,0.15000000000000002,-50088.10771090765,-50100.74408622654,-50092.46977837461,-50096.96697829522,-50100.74245304686,-50095.80620137018,4.909076580111495,-50100.74408622654,4.909076580111495,9
3.0000000000000014e-05,44,500,0.2,-50093.58567131183,-50101.33184090434,-50091.23793198828,-50091.45831631899,-50101.4766951514,-50095.81809113497,4.634445564592565,-50101.4766951514,4.634445564592565,9
0.0003000000000000001,16,5000,0.2,-50088.82763280772,-50095.41132584985,-50093.44248186665,-50100.16136860006,-50101.52643545669,-50095.87384891619,4.606716713693926,-50101.52643545669,4.606716713693926,9
3.0000000000000014e-05,72,500,0.15000000000000002,-50090.73687906756,-50098.44708045655,-50098.37153165243,-50090.15644321141,-50101.68250252592,-50095.87888738278,4.597335242443464,-50101.68250252592,4.597335242443464,9
9.48683298050514e-05,128,1625,0.05,-50096.92730315203,-50104.07044755958,-50098.368930471384,-50073.99775961811,-50106.50079799544,-50095.973047759304,11.540931979462412,-50106.50079799544,11.540931979462412,9
0.0003000000000000001,44,2750,0.05,-50084.735820659465,-50099.94547576003,-50090.127438678035,-50102.47656470547,-50102.658969271026,-50095.9888538148,7.255654796340665,-50102.658969271026,7.255654796340665,9
9.48683298050514e-05,100,3875,0.2,-50084.645597286224,-50101.139559526,-50096.99180956707,-50094.95304878315,-50102.359452982346,-50096.01789362896,6.2906019982278805,-50102.359452982346,6.2906019982278805,9
9.48683298050514e-05,128,3875,0.2,-50088.00522932459,-50101.00529610572,-50094.75932009882,-50095.42116385248,-50101.07986683731,-50096.054175243786,4.8297837935219405,-50101.07986683731,4.8297837935219405,9
0.0003000000000000001,72,2750,0.05,-50093.61638111152,-50098.04471427507,-50091.684296137115,-50099.928853140336,-50098.12695127744,-50096.280239188294,3.100159158042321,-50099.928853140336,3.100159158042321,9
3.0000000000000014e-05,72,500,0.1,-50090.05061051816,-50098.2554752943,-50096.529471938506,-50094.45509184442,-50102.55609018923,-50096.36934795693,4.133998421759576,-50102.55609018923,4.133998421759576,9
9.48683298050514e-05,100,1625,0.1,-50086.82734721164,-50097.20415486103,-50098.12257972142,-50097.04872646609,-50102.68153866125,-50096.37686938428,5.198567614205104,-50102.68153866125,5.198567614205104,9
0.0003000000000000001,72,5000,0.1,-50089.15974841707,-50094.4731885161,-50099.39071526339,-50096.856295750724,-50102.19232286107,-50096.41445416167,4.446040678858226,-50102.19232286107,4.446040678858226,9
9.48683298050514e-05,128,2750,0.1,-50093.94346359803,-50095.4054299057,-50097.806497675854,-50102.88357524148,-50092.31482615645,-50096.470758515505,3.679737378815697,-50102.88357524148,3.679737378815697,9
0.0003000000000000001,72,3875,0.1,-50093.173733842916,-50095.47157132886,-50094.23009405664,-50098.27481272672,-50101.33475272649,-50096.49699293632,2.959693700373932,-50101.33475272649,2.959693700373932,9
0.0003000000000000001,44,5000,0.2,-50094.793649729894,-50099.47326041885,-50094.05052831429,-50095.41510536103,-50098.93082083138,-50096.53267293109,2.228558681814875,-50099.47326041885,2.228558681814875,9
0.0009486832980505143,16,5000,0.1,-50091.51215517889,-50097.98426991703,-50093.86232790975,-50098.44270100635,-50101.71066758566,-50096.70242431954,3.5988674069603555,-50101.71066758566,3.5988674069603555,9
0.0003000000000000001,44,5000,0.15000000000000002,-50097.371748294245,-50097.51239643635,-50096.59670344046,-50096.36774130315,-50096.13744229654,-50096.797206354146,0.5480010136405039,-50097.51239643635,0.5480010136405039,9
9.48683298050514e-05,72,2750,0.2,-50091.009609544184,-50099.502433752095,-50096.55001304498,-50096.0968432072,-50100.88316322299,-50096.80841255429,3.4076549361242967,-50100.88316322299,3.4076549361242967,9
9.48683298050514e-05,72,3875,0.2,-50088.29617797678,-50101.42785612746,-50092.91608254481,-50101.55219795944,-50100.13211143812,-50096.86488520932,5.338204899919887,-50101.55219795944,5.338204899919887,9
3.0000000000000014e-05,100,500,0.1,-50094.5076155304,-50102.803899085615,-50090.46511530227,-50099.216108406115,-50097.74177731582,-50096.946903128046,4.196408383791782,-50102.803899085615,4.196408383791782,9
9.48683298050514e-05,100,2750,0.2,-50092.42553905896,-50100.29248039355,-50096.17199381454,-50096.039735113445,-50100.405193808336,-50097.06698843777,2.9982238260974654,-50100.405193808336,2.9982238260974654,9
0.0003000000000000001,44,3875,0.1,-50089.4125118324,-50103.03482417213,-50098.44926945273,-50094.50368852173,-50100.042223352444,-50097.088503466286,4.723070844981649,-50103.03482417213,4.723070844981649,9
9.48683298050514e-05,44,1625,0.2,-50091.64630843045,-50100.25308426339,-50093.30274349231,-50099.5274806819,-50100.736483185945,-50097.09322001079,3.826755588600118,-50100.736483185945,3.826755588600118,9
3.0000000000000014e-05,100,500,0.15000000000000002,-50092.687149414895,-50100.21396547583,-50095.60581182064,-50097.237466700695,-50099.8149568355,-50097.11187004951,2.7853837368844774,-50100.21396547583,2.7853837368844774,9
0.0009486832980505143,16,5000,0.05,-50096.11573740685,-50099.293474862585,-50097.2815857398,-50093.17431683936,-50099.732894180204,-50097.11960180576,2.372942354711435,-50099.732894180204,2.372942354711435,9
0.0003000000000000001,44,5000,0.1,-50091.17949008293,-50096.80591251668,-50099.6615732923,-50095.89372169602,-50102.22084417847,-50097.15230835328,3.724649097175556,-50102.22084417847,3.724649097175556,9
3.0000000000000014e-05,128,1625,0.2,-50094.95100324921,-50096.93171798884,-50095.14684953463,-50098.38622821644,-50100.77034207625,-50097.23722821307,2.167622599979072,-50100.77034207625,2.167622599979072,9
9.48683298050514e-05,100,3875,0.15000000000000002,-50088.42736320942,-50103.389640431946,-50097.37265102195,-50096.542590634395,-50100.8977999308,-50097.326009045704,5.085806392614771,-50103.389640431946,5.085806392614771,9
0.0003000000000000001,100,5000,0.1,-50091.69145884662,-50101.16059423336,-50097.071327393816,-50096.92733605543,-50100.277944297995,-50097.425732165444,3.3268664125598018,-50101.16059423336,3.3268664125598018,9
0.0003000000000000001,72,3875,0.05,-50091.52713491226,-50097.973955166286,-50095.306431290475,-50096.27782455847,-50107.00121466556,-50097.61731211861,5.146056292042942,-50107.00121466556,5.146056292042942,9
9.48683298050514e-05,100,5000,0.15000000000000002,-50090.69382200698,-50102.32543886383,-50092.96516146655,-50098.18286556918,-50104.02720557126,-50097.63889869557,5.160386290631383,-50104.02720557126,5.160386290631383,9
9.48683298050514e-05,100,5000,0.2,-50094.47850209698,-50100.33621869635,-50095.271932575895,-50096.41720447687,-50101.846168127646,-50097.67000519475,2.900171899226058,-50101.846168127646,2.900171899226058,9
9.48683298050514e-05,44,3875,0.15000000000000002,-50090.485684829,-50101.221602296115,-50094.39218462637,-50103.1679465355,-50100.03491739112,-50097.86046713563,4.703428508968841,-50103.1679465355,4.703428508968841,9
3.0000000000000014e-05,44,500,0.1,-50099.18812521225,-50103.73969482197,-50097.315237543866,-50085.46155178266,-50103.70313103021,-50097.881548078185,6.700639831365466,-50103.73969482197,6.700639831365466,9
9.48683298050514e-05,72,3875,0.15000000000000002,-50091.97080290964,-50100.93160462532,-50098.387068728756,-50093.62379768577,-50104.58921005181,-50097.900496800255,4.639281772055449,-50104.58921005181,4.639281772055449,9
9.48683298050514e-05,72,1625,0.1,-50089.2282793218,-50100.414253606774,-50095.765342553714,-50101.838826233354,-50102.52348322689,-50097.95403698851,4.958897506466644,-50102.52348322689,4.958897506466644,9
9.48683298050514e-05,128,3875,0.15000000000000002,-50093.03060426709,-50100.55081359069,-50096.89645788667,-50097.72162333083,-50102.33784251535,-50098.10746831813,3.201748684125501,-50102.33784251535,3.201748684125501,9
9.48683298050514e-05,16,1625,0.15000000000000002,-50104.07565658873,-50093.21793416143,-50100.437690202016,-50097.9215503465,-50095.005171686935,-50098.131600597124,3.862969002635421,-50104.07565658873,3.862969002635421,9
9.48683298050514e-05,100,3875,0.1,-50094.86533097997,-50096.82384710776,-50097.22793362507,-50094.96132972946,-50106.960724207085,-50098.16783312987,4.4987293208068415,-50106.960724207085,4.4987293208068415,9
0.0009486832980505143,72,3875,0.05,-50094.490344178565,-50096.97186473481,-50102.10423308133,-50096.40228113793,-50101.057944445296,-50098.20533351559,2.89525114019276,-50102.10423308133,2.89525114019276,9
9.48683298050514e-05,72,1625,0.15000000000000002,-50093.779827825674,-50100.61596100468,-50098.820731806256,-50097.44439077817,-50100.74346660994,-50098.28087560494,2.5599828505973816,-50100.74346660994,2.5599828505973816,9
0.0003000000000000001,44,5000,0.05,-50097.893399025204,-50101.388767509845,-50085.15766602855,-50103.87434005889,-50103.448719752494,-50098.352578474995,6.928138436858359,-50103.87434005889,6.928138436858359,9
0.0009486832980505143,100,3875,0.05,-50089.21460054146,-50100.360374745345,-50095.30825852883,-50101.73830988916,-50105.43841685824,-50098.411992112604,5.629500926587674,-50105.43841685824,5.629500926587674,9
9.48683298050514e-05,100,2750,0.1,-50096.21338024013,-50099.383517316346,-50096.51715299806,-50097.07017428805,-50103.25691348842,-50098.488227666196,2.6310777096566023,-50103.25691348842,2.6310777096566023,9
9.48683298050514e-05,44,2750,0.15000000000000002,-50093.860465848906,-50104.140074952404,-50095.6246994855,-50101.778817900675,-50098.31703009689,-50098.74421765688,3.797077538005987,-50104.140074952404,3.797077538005987,9
9.48683298050514e-05,72,5000,0.2,-50092.95780486997,-50101.78992890878,-50096.36671103804,-50100.85188888065,-50102.00058290487,-50098.793383320466,3.5621783783670367,-50102.00058290487,3.5621783783670367,9
0.0003000000000000001,100,2750,0.05,-50095.06943296615,-50098.24661842717,-50099.87150254589,-50101.250290823584,-50099.759274090866,-50098.83942377073,2.111295336901002,-50101.250290823584,2.111295336901002,9
9.48683298050514e-05,44,2750,0.1,-50100.01749490982,-50104.24617160963,-50102.28566872411,-50089.75818590528,-50098.561848291916,-50098.97387388816,4.999058375850816,-50104.24617160963,4.999058375850816,9
9.48683298050514e-05,44,3875,0.2,-50094.4215849629,-50101.83209574959,-50098.03594827486,-50095.04113771169,-50105.95893009249,-50099.0579393583,4.335771214427401,-50105.95893009249,4.335771214427401,9
0.0030000000000000014,16,3875,0.05,-50092.434398346566,-50100.57532995201,-50096.76282036675,-50100.16910885192,-50105.44553304661,-50099.07743811277,4.3237828506231635,-50105.44553304661,4.3237828506231635,9
0.0003000000000000001,128,5000,0.1,,,-50096.93689588527,,-50101.455300697766,-50099.19609829152,2.2592024062469136,-50101.455300697766,2.2592024062469136,6
0.0003000000000000001,72,5000,0.05,-50098.88456318723,-50092.09019472039,-50097.31649370373,-50101.00517548252,-50106.94493367308,-50099.24827215339,4.846182674726556,-50106.94493367308,4.846182674726556,9
0.0009486832980505143,44,5000,0.05,-50092.62062763854,-50099.76176417114,-50104.473709085774,-50095.76150020532,-50103.91102507607,-50099.305725235376,4.59079244040692,-50104.473709085774,4.59079244040692,9
9.48683298050514e-05,44,2750,0.2,-50094.814701495045,-50102.02110422678,-50099.994333641145,-50102.28967534067,-50098.505807755406,-50099.5251244918,2.732028728863328,-50102.28967534067,2.732028728863328,9
3.0000000000000014e-05,128,1625,0.15000000000000002,-50086.18040787699,-50105.003957478926,-50098.21263093533,-50100.95513591742,-50107.45876253456,-50099.56217894864,7.413533460815639,-50107.45876253456,7.413533460815639,9
9.48683298050514e-05,128,5000,0.15000000000000002,-50094.32437780788,-50097.37213907907,-50100.04518940424,-50103.06472460572,-50103.342767876304,-50099.62983975465,3.435168796935893,-50103.342767876304,3.435168796935893,9
9.48683298050514e-05,72,5000,0.15000000000000002,-50092.86625000091,-50101.02885074022,-50101.16692882595,-50098.38133377724,-50105.120213245245,-50099.71271531792,4.04313362021877,-50105.120213245245,4.04313362021877,9
9.48683298050514e-05,128,3875,0.1,-50094.74769014717,-50100.119227612326,-50100.181393430736,-50099.06813798395,-50106.04638590498,-50100.032567015835,3.6070964463591877,-50106.04638590498,3.6070964463591877,9
0.0009486832980505143,44,3875,0.05,-50095.882548656504,-50101.25592793138,-50097.981100424826,-50102.82254642429,-50102.51818331549,-50100.0920613505,2.715597727792335,-50102.82254642429,2.715597727792335,9
0.0003000000000000001,100,5000,0.05,-50093.164676024455,-50099.18018394025,-50098.60665178751,-50104.89540316019,-50105.672896133685,-50100.30396220922,4.583010560427699,-50105.672896133685,4.583010560427699,9
9.48683298050514e-05,100,1625,0.05,-50098.78868806752,-50107.07492228451,-50100.66167004349,-50097.8261751848,-50097.43348968457,-50100.356989052976,3.5393471935591623,-50107.07492228451,3.5393471935591623,9
0.0030000000000000014,128,5000,0.05,-50096.28278752945,-50098.398862507,-50097.06771988674,-50103.93971352153,-50106.78404723381,-50100.49462613571,4.130398065972492,-50106.78404723381,4.130398065972492,9
3.0000000000000014e-05,100,1625,0.2,-50097.67719513257,-50101.76090216939,-50098.4906505441,-50100.687222260065,-50104.179517209865,-50100.55909746319,2.330322868524474,-50104.179517209865,2.330322868524474,9
9.48683298050514e-05,72,3875,0.1,-50097.43677623275,-50101.37073655388,-50101.263443416035,-50098.17958990092,-50105.60894627199,-50100.77189847511,2.8927619666369035,-50105.60894627199,2.8927619666369035,9
9.48683298050514e-05,44,5000,0.15000000000000002,-50098.58633132219,-50098.09593491539,-50094.434420238336,-50105.84466474876,-50107.31874967989,-50100.856020180916,4.912432212501593,-50107.31874967989,4.912432212501593,9
0.0003000000000000001,128,5000,0.05,-50096.47774142391,-50098.14650233645,-50101.24355803314,-50100.68368899292,-50108.965319102485,-50101.10336197778,4.292913570660051,-50108.965319102485,4.292913570660051,9
0.0009486832980505143,128,5000,0.05,-50096.41311185667,-50097.42991557668,-50104.69598115506,-50101.02473903664,-50107.07345422838,-50101.32744037068,4.093817158350522,-50107.07345422838,4.093817158350522,9
0.0003000000000000001,100,3875,0.05,-50095.82114719223,-50104.99710712237,-50098.80392945943,-50104.009135565284,-50103.114326917166,-50101.34912925129,3.479538088992362,-50104.99710712237,3.479538088992362,9
9.48683298050514e-05,72,2750,0.1,-50096.935957603375,-50103.202248496076,-50097.94860292512,-50103.50062138665,-50105.16382858505,-50101.35025179925,3.275806994902726,-50105.16382858505,3.275806994902726,9
9.48683298050514e-05,16,2750,0.2,-50106.591757844755,-50088.615743489856,-50107.16991110698,-50099.66770603782,-50106.21544441239,-50101.652112578355,7.064771499738493,-50107.16991110698,7.064771499738493,9
9.48683298050514e-05,100,5000,0.1,-50096.526504050766,-50101.676880487736,-50102.38065662967,-50105.47481189336,-50105.103670295095,-50102.23250467132,3.213884206972372,-50105.47481189336,3.213884206972372,9
0.0030000000000000014,100,5000,0.05,-50096.08946398323,-50102.278072924295,-50098.76149823164,-50106.22522257833,-50108.06300670045,-50102.28345288359,4.465657457990004,-50108.06300670045,4.465657457990004,9
0.0030000000000000014,44,5000,0.05,-50098.82318198913,-50100.15147610521,-50103.35769089331,-50103.28428594144,-50106.62454192316,-50102.44823537045,2.7343643307883347,-50106.62454192316,2.7343643307883347,9
0.0009486832980505143,72,5000,0.05,-50100.61756265312,-50105.059707005756,-50102.90227678515,-50101.17717589404,-50102.70159867385,-50102.49166420238,1.5522664168963642,-50105.059707005756,1.5522664168963642,9
3.0000000000000014e-05,72,1625,0.2,-50092.42604935499,-50104.82239824362,-50102.42774808772,-50107.47266278182,-50105.75126480174,-50102.58002465398,5.331966124525583,-50107.47266278182,5.331966124525583,9
3.0000000000000014e-05,100,500,0.05,-50096.641185531334,-50102.288698860204,-50106.246021392304,-50093.551885049266,-50114.35708180542,-50102.6169745277,7.334763340870121,-50114.35708180542,7.334763340870121,9
0.0030000000000000014,72,5000,0.05,-50100.12892695022,-50106.91510003346,-50100.23953553948,-50098.67375543738,-50107.993957704966,-50102.790255133106,3.863347610443178,-50107.993957704966,3.863347610443178,9
0.0009486832980505143,100,5000,0.05,-50096.68959140164,-50104.63848434887,-50106.21697924022,-50101.17505823029,-50105.5905461338,-50102.86213187097,3.544041385222933,-50106.21697924022,3.544041385222933,9
3.0000000000000014e-05,100,1625,0.15000000000000002,-50097.45742104288,-50103.857651704966,-50099.23383078965,-50101.719087360056,-50112.370103276466,-50102.92761883481,5.197175307826274,-50112.370103276466,5.197175307826274,9
9.48683298050514e-05,128,2750,0.05,-50098.23110904239,-50106.098042155856,-50096.30066262446,-50104.94478238915,-50109.26354103831,-50102.96762745003,4.9036760171551,-50109.26354103831,4.9036760171551,9
3.0000000000000014e-05,128,2750,0.2,-50093.11587939707,-50107.50616810453,-50102.05128169497,-50103.13826983303,-50112.22856447123,-50103.60803270017,6.359849989205257,-50112.22856447123,6.359849989205257,9
0.0030000000000000014,16,5000,0.05,-50097.33347271841,-50105.044421657374,-50102.75289571353,-50105.43900902786,-50107.79383978189,-50103.67272777981,3.550129671948545,-50107.79383978189,3.550129671948545,9
9.48683298050514e-05,128,5000,0.1,-50097.82550489633,-50108.878010153574,-50103.8980752131,-50101.46678394531,-50107.711108340285,-50103.95589650972,4.052395454778849,-50108.878010153574,4.052395454778849,9
3.0000000000000014e-05,72,500,0.05,-50106.91528222176,-50048.69869777574,-50118.709586036915,-50125.381158437754,-50121.16822021578,-50104.17458893759,28.407231947309196,-50125.381158437754,28.407231947309196,9
9.48683298050514e-05,72,5000,0.1,-50092.17069955431,-50109.3064198087,-50104.64441051968,-50110.60935150173,-50106.85282521711,-50104.716741320306,6.599382600364302,-50110.60935150173,6.599382600364302,9
9.48683298050514e-05,44,3875,0.1,-50108.08164368968,-50097.89596075757,-50101.258450617075,-50111.435417130866,-50105.67457546548,-50104.86920953213,4.81138666389366,-50111.435417130866,4.81138666389366,9
3.0000000000000014e-05,128,1625,0.1,-50087.48116445759,-50110.12404045159,-50104.01818387106,-50111.85995684584,-50112.75670898707,-50105.24801092263,9.391989644061324,-50112.75670898707,9.391989644061324,9
3.0000000000000014e-05,100,2750,0.2,-50106.56179447589,-50111.324884823625,-50098.37754839941,-50100.10871135693,-50117.078146363456,-50106.690217083866,6.954457425754795,-50117.078146363456,6.954457425754795,9
9.48683298050514e-05,100,2750,0.05,-50104.51143789065,-50113.8348393469,-50101.929610246014,-50109.33272501328,-50109.86883562085,-50107.89548962354,4.201883815743674,-50113.8348393469,4.201883815743674,9
3.0000000000000014e-05,72,1625,0.15000000000000002,-50110.12077390704,-50106.29074744884,-50103.720946059046,-50107.77258176124,-50115.698507738685,-50108.720711382965,4.060816293511353,-50115.698507738685,4.060816293511353,9
3.0000000000000014e-05,16,500,0.2,-50107.24268736434,-50101.21540878739,-50100.64351440164,-50116.3010519629,-50118.3016589239,-50108.74086428804,7.389307430576097,-50118.3016589239,7.389307430576097,9
3.0000000000000014e-05,128,2750,0.15000000000000002,-50109.53356588842,-50112.692551075634,-50105.95441918825,-50112.34748647482,-50113.86445812934,-50110.87849615129,2.8432399871775185,-50113.86445812934,2.8432399871775185,9
3.0000000000000014e-05,128,3875,0.2,-50109.612425905354,-50115.16739619566,-50110.05003880786,-50104.43383879062,-50118.240468529526,-50111.5008336458,4.784969488662211,-50118.240468529526,4.784969488662211,9
9.48683298050514e-05,128,3875,0.05,-50105.12588471599,-50113.71383458786,-50114.78167406524,-50114.94683131756,-50118.88000757776,-50113.48964645289,4.5354489711361605,-50118.88000757776,4.5354489711361605,9
9.48683298050514e-05,16,2750,0.15000000000000002,-50097.21925713769,-50089.137166712884,-50116.14615247237,-50138.034799060384,-50132.903469807505,-50114.68816903816,19.167705308771144,-50138.034799060384,19.167705308771144,9
3.0000000000000014e-05,128,1625,0.05,-50196.36439296833,-49893.66898121566,-50216.768297210154,-50078.519095919466,-50190.94225043263,-50115.25260354925,120.8818707307361,-50216.768297210154,120.8818707307361,9
3.0000000000000014e-05,44,1625,0.2,-50110.07341625344,-50121.33566606394,-50114.6383687459,-50114.06265403076,-50119.39772339027,-50115.901565696855,4.017391044051705,-50121.33566606394,4.017391044051705,9
3.0000000000000014e-05,100,1625,0.1,-50114.71051210858,-50122.58251628119,-50105.40044605588,-50119.04917215689,-50120.94739712617,-50116.538008745745,6.1590545628770785,-50122.58251628119,6.1590545628770785,9
9.48683298050514e-05,44,5000,0.1,-50124.59316849806,-50105.878183310175,-50114.45105082592,-50121.01746223415,-50130.56758519473,-50119.3014900126,8.503919633234013,-50130.56758519473,8.503919633234013,9
3.0000000000000014e-05,100,2750,0.15000000000000002,-50115.28285151474,-50126.48927461852,-50112.89933405659,-50125.5220813626,-50119.33091158918,-50119.90489062833,5.397730350069028,-50126.48927461852,5.397730350069028,9
3.0000000000000014e-05,72,2750,0.2,-50123.709073178994,-50123.87424240766,-50115.16108578109,-50119.4820185311,-50124.837596734615,-50121.41280332669,3.629673529886209,-50124.837596734615,3.629673529886209,9
3.0000000000000014e-05,128,3875,0.15000000000000002,-50115.98540043119,-50122.76678659128,-50118.39574919609,-50123.84598047316,-50130.0019470699,-50122.19917275232,4.837239820342466,-50130.0019470699,4.837239820342466,9
3.0000000000000014e-05,128,5000,0.2,-50125.122404940616,-50129.3014442636,-50119.6164869187,-50123.06752781698,-50125.593135066105,-50124.540199801195,3.1789556665540006,-50129.3014442636,3.1789556665540006,9
3.0000000000000014e-05,16,500,0.15000000000000002,-50125.59590789077,-50114.84925103989,-50110.9841134086,-50136.520155889186,-50137.00337092788,-50124.99055983127,10.73901622466361,-50137.00337092788,10.73901622466361,9
3.0000000000000014e-05,100,3875,0.2,-50134.42390966276,-50120.09705041902,-50123.343038157305,-50125.017678050106,-50129.60884265596,-50126.49810378903,5.012278499862338,-50134.42390966276,5.012278499862338,9
3.0000000000000014e-05,128,2750,0.1,-50140.96057896697,-50082.69756636044,-50133.981747910184,-50145.442488174725,-50134.65313423253,-50127.54710312897,22.819059664454016,-50145.442488174725,22.819059664454016,9
9.48683298050514e-05,100,3875,0.05,-50137.63081870004,-50129.40989894187,-50113.43590916945,-50146.13158698493,-50125.4701219923,-50130.41566715772,11.070959450935609,-50146.13158698493,11.070959450935609,9
9.48683298050514e-05,128,5000,0.05,-50145.92869648959,-50132.92913677846,-50120.578361003005,-50150.44705734582,-50128.387794492104,-50135.65420922179,11.06256251144084,-50150.44705734582,11.06256251144084,9
3.0000000000000014e-05,44,1625,0.15000000000000002,-50147.85272025558,-50129.68862930956,-50131.61515139982,-50157.228931979116,-50148.77653222046,-50143.0323930329,10.641257861772248,-50157.228931979116,10.641257861772248,9
3.0000000000000014e-05,72,5000,0.2,-50225.7959497602,-50070.81422763773,-50153.20706972726,-50125.296998204925,-50144.75040689691,-50143.97293044541,49.96371989604189,-50225.7959497602,49.96371989604189,9
3.0000000000000014e-05,100,3875,0.15000000000000002,-50152.78774884727,-50130.89044624764,-50132.59569824885,-50155.52807138545,-50160.3191866813,-50146.42423028211,12.239042849208797,-50160.3191866813,12.239042849208797,9
3.0000000000000014e-05,72,2750,0.15000000000000002,-50144.426002115026,-50143.41923679499,-50155.647670698185,-50166.41913374956,-50152.64238424178,-50152.51088551991,8.382356449041728,-50166.41913374956,8.382356449041728,9
3.0000000000000014e-05,128,5000,0.15000000000000002,-50155.57970464474,-50137.035653506086,-50137.31644760988,-50163.14120002943,-50170.66641967857,-50152.74788509375,13.580261877238863,-50170.66641967857,13.580261877238863,9
9.48683298050514e-05,100,5000,0.05,-50155.57947347748,-50161.01154797532,-50144.17718564734,-50144.2565711881,-50183.73109647658,-50157.751174952966,14.537263555129003,-50183.73109647658,14.537263555129003,9
3.0000000000000014e-05,100,5000,0.2,-50156.35955879035,-50140.77549485219,-50150.35015547215,-50176.12438028633,-50165.810420322814,-50157.88400194476,12.225573973339696,-50176.12438028633,12.225573973339696,9
3.0000000000000014e-05,72,3875,0.2,-50137.45347296573,-50158.66592587389,-50172.92584597095,-50164.52833158833,-50166.20512265388,-50159.95573981055,12.134271040713378,-50172.92584597095,12.134271040713378,9
3.0000000000000014e-05,100,2750,0.1,-50175.30476159813,-50167.41976806911,-50137.71356966433,-50198.58217059767,-50181.19823263057,-50172.04370051196,19.993343929718176,-50198.58217059767,19.993343929718176,9
3.0000000000000014e-05,44,2750,0.2,-50256.666262611514,-50114.053806119315,-50162.772250371054,-50152.46105176887,-50178.75887748938,-50172.94244967202,46.97722988650572,-50256.666262611514,46.97722988650572,9
3.0000000000000014e-05,72,3875,0.15000000000000002,-50224.453254375236,-50163.648048059906,-50143.94533722738,-50227.93114728032,-50151.69093825059,-50182.33374503869,36.3730199231775,-50227.93114728032,36.3730199231775,9
3.0000000000000014e-05,128,3875,0.1,-50186.56033293161,-50180.882217202634,-50201.53587410204,-50213.658735185636,-50205.16513177302,-50197.56045823898,12.099223052239392,-50213.658735185636,12.099223052239392,9
3.0000000000000014e-05,100,3875,0.1,-50198.53469078164,-50161.99719837912,-50182.07641053175,-50237.45072897933,-50243.807864059214,-50204.77337854621,31.54481086440267,-50243.807864059214,31.54481086440267,9
3.0000000000000014e-05,100,5000,0.15000000000000002,-50212.76656651726,-50190.2178037851,-50180.47816278329,-50243.33967453173,-50221.30042219772,-50209.62052596302,22.40107804117343,-50243.33967453173,22.40107804117343,9
3.0000000000000014e-05,128,5000,0.1,-50216.919474437906,-50185.12080215404,-50259.288611072734,-50251.91167756462,-50263.48132533335,-50235.34437811253,30.004580182273912,-50263.48132533335,30.004580182273912,9
